-- Generation time: Mon, 25 May 2020 06:42:02 +0000
-- Host: mysql.hostinger.ro
-- DB name: u574849695_25
/*!40030 SET NAMES UTF8 */;
/*!40101 SET @OLD_CHARACTER_SET_CLIENT=@@CHARACTER_SET_CLIENT */;
/*!40101 SET @OLD_CHARACTER_SET_RESULTS=@@CHARACTER_SET_RESULTS */;
/*!40101 SET @OLD_COLLATION_CONNECTION=@@COLLATION_CONNECTION */;
/*!40103 SET @OLD_TIME_ZONE=@@TIME_ZONE */;
/*!40103 SET TIME_ZONE='+00:00' */;
/*!40014 SET @OLD_UNIQUE_CHECKS=@@UNIQUE_CHECKS, UNIQUE_CHECKS=0 */;
/*!40014 SET @OLD_FOREIGN_KEY_CHECKS=@@FOREIGN_KEY_CHECKS, FOREIGN_KEY_CHECKS=0 */;
/*!40101 SET @OLD_SQL_MODE=@@SQL_MODE, SQL_MODE='NO_AUTO_VALUE_ON_ZERO' */;
/*!40111 SET @OLD_SQL_NOTES=@@SQL_NOTES, SQL_NOTES=0 */;

DROP TABLE IF EXISTS `friend_requests`;
CREATE TABLE `friend_requests` (
  `initiator_user_id` bigint(20) unsigned NOT NULL,
  `target_user_id` bigint(20) unsigned NOT NULL,
  `status` enum('requested','approved','unfriended','declined') COLLATE utf8_unicode_ci DEFAULT NULL,
  `requested_at` datetime DEFAULT current_timestamp(),
  `confirmed_at` datetime DEFAULT NULL,
  PRIMARY KEY (`initiator_user_id`,`target_user_id`),
  KEY `initiator_user_id` (`initiator_user_id`),
  KEY `target_user_id` (`target_user_id`),
  CONSTRAINT `friend_requests_ibfk_1` FOREIGN KEY (`initiator_user_id`) REFERENCES `users` (`id`),
  CONSTRAINT `friend_requests_ibfk_2` FOREIGN KEY (`target_user_id`) REFERENCES `users` (`id`)
) ENGINE=InnoDB DEFAULT CHARSET=utf8 COLLATE=utf8_unicode_ci;

INSERT INTO `friend_requests` VALUES ('1','17','approved','1978-04-15 08:51:09','1973-02-03 19:52:54'),
('1','33','requested','1986-09-07 12:31:54','2016-07-02 14:47:22'),
('1','42','requested','2014-02-16 04:52:24','1980-05-10 01:40:36'),
('2','85','unfriended','2002-05-24 04:46:53','1986-08-16 02:51:29'),
('3','63','requested','2009-08-02 04:44:24','1978-08-02 07:13:32'),
('4','3','declined','1980-11-15 19:16:59','1986-07-20 03:50:24'),
('4','19','unfriended','1986-02-10 09:35:59','2001-04-06 19:23:15'),
('4','88','requested','1980-12-22 15:27:51','1993-10-22 12:58:22'),
('5','4','requested','1972-02-07 01:28:00','1986-05-06 19:05:28'),
('5','25','unfriended','2012-02-15 04:15:22','1989-01-08 23:36:17'),
('5','63','unfriended','1986-04-17 05:57:05','1998-03-30 22:21:33'),
('6','54','unfriended','2018-01-25 21:18:24','1990-09-02 09:39:32'),
('6','80','requested','1997-02-18 16:55:04','1987-09-03 12:21:58'),
('6','85','requested','1989-09-09 01:03:16','2004-04-27 04:09:51'),
('6','92','unfriended','2015-10-22 04:03:30','1989-12-05 18:19:32'),
('7','36','requested','1971-06-30 12:08:26','1989-09-04 13:46:01'),
('7','46','declined','2018-09-08 22:26:05','1972-11-19 11:18:52'),
('9','22','approved','1972-07-16 15:24:01','2018-08-16 12:49:28'),
('11','7','unfriended','2020-02-16 05:08:17','1990-04-10 01:28:04'),
('15','15','unfriended','1986-04-22 21:51:39','1988-02-07 13:52:32'),
('15','87','declined','1997-01-20 16:05:32','1974-10-24 16:53:33'),
('16','33','approved','1994-03-07 08:32:32','2017-10-13 22:05:17'),
('18','45','declined','1996-01-02 17:25:25','1993-10-03 15:49:20'),
('20','99','unfriended','2016-12-23 00:01:43','1999-07-19 19:40:13'),
('21','68','requested','2017-10-29 02:18:56','1982-02-23 12:50:03'),
('22','5','declined','2007-08-19 04:10:36','2006-06-16 02:20:41'),
('22','90','declined','2017-01-13 11:42:35','1993-03-27 07:36:49'),
('22','98','approved','1978-01-22 11:59:42','1985-12-26 06:48:35'),
('23','53','requested','1998-05-22 22:07:39','1999-05-01 18:34:07'),
('23','68','unfriended','1970-05-15 08:24:30','1978-04-02 08:57:50'),
('23','100','requested','1970-04-28 15:48:51','2001-10-21 14:34:40'),
('24','20','requested','1987-01-03 18:47:42','2014-05-17 09:29:36'),
('24','93','requested','1990-03-05 05:06:35','1970-06-28 19:56:01'),
('28','33','approved','1985-05-28 20:45:02','1971-04-10 22:25:48'),
('31','81','requested','1978-04-05 17:38:50','1971-06-27 05:19:18'),
('32','2','declined','1992-04-11 18:00:03','1981-01-07 07:49:38'),
('32','23','approved','2003-09-07 14:05:52','2017-08-07 16:41:41'),
('33','20','approved','2004-05-16 13:23:50','2001-05-12 06:24:07'),
('33','63','requested','1972-06-21 01:40:46','2002-05-31 17:06:36'),
('34','25','requested','2003-10-27 19:40:21','2004-06-13 09:53:25'),
('36','35','requested','1983-02-15 21:18:39','2013-03-26 03:23:25'),
('36','61','unfriended','1977-04-30 00:57:52','2016-10-27 10:56:53'),
('36','95','declined','1970-12-05 15:55:24','2002-01-27 20:54:17'),
('37','87','approved','1987-07-08 13:52:13','1970-10-24 15:04:48'),
('38','10','requested','2017-12-18 10:39:45','2011-12-24 07:37:40'),
('40','15','approved','2003-04-25 15:22:09','2015-03-26 02:05:36'),
('40','64','declined','2009-10-05 00:31:34','2000-03-06 21:37:40'),
('41','15','unfriended','2012-04-29 09:16:33','2014-04-04 20:52:29'),
('43','54','requested','2006-07-13 03:09:06','1981-09-18 13:42:05'),
('46','38','unfriended','1977-05-10 18:51:41','1974-04-01 04:50:05'),
('46','43','declined','2006-06-24 14:58:36','2016-12-28 13:08:42'),
('47','55','declined','2014-04-05 16:22:13','1980-11-09 10:20:21'),
('47','78','declined','1977-08-02 16:48:04','1996-03-03 02:44:11'),
('49','24','approved','1983-01-11 06:19:46','2011-04-15 17:42:16'),
('50','39','declined','2000-04-18 17:40:49','2018-06-03 09:07:14'),
('51','15','declined','1994-11-06 19:03:37','1988-11-26 08:09:23'),
('57','36','declined','1999-11-20 19:07:40','1973-09-25 02:02:31'),
('60','2','approved','2017-11-07 23:13:26','1971-04-10 17:45:51'),
('60','45','approved','1998-06-10 13:40:03','1976-12-09 13:41:21'),
('61','26','unfriended','2003-07-17 08:21:50','1991-03-28 06:28:49'),
('62','38','declined','2015-07-20 14:04:19','1976-06-05 15:52:01'),
('65','36','unfriended','1990-01-27 12:38:21','1987-04-13 12:03:28'),
('65','39','unfriended','1977-12-23 14:31:10','2016-11-07 13:47:48'),
('67','38','declined','1999-07-24 11:25:13','2018-02-20 00:29:25'),
('67','51','declined','2004-12-26 20:59:30','1996-03-09 04:43:02'),
('67','80','requested','1971-04-22 04:21:52','2008-12-19 01:16:49'),
('68','8','approved','2005-10-29 03:14:43','2020-02-23 23:46:27'),
('69','30','declined','1983-01-13 19:29:12','1983-05-14 03:37:02'),
('69','63','declined','1980-02-25 01:43:22','1995-10-22 18:40:01'),
('69','85','declined','1976-08-19 15:52:29','1984-05-21 18:57:21'),
('70','84','requested','2011-04-29 02:33:00','1983-03-29 18:45:46'),
('71','31','declined','1990-12-02 11:26:59','2010-10-16 21:03:38'),
('71','65','approved','1989-10-04 06:38:56','2016-02-26 14:48:37'),
('71','95','requested','1997-11-06 04:12:21','2019-03-06 07:56:43'),
('72','6','declined','1980-09-17 05:33:16','2003-11-22 19:31:04'),
('72','34','requested','2006-05-11 10:08:59','2007-03-25 14:39:53'),
('73','18','declined','1992-02-01 23:33:20','2018-09-20 06:16:06'),
('73','31','unfriended','1981-07-20 10:28:39','1982-10-02 14:56:45'),
('74','21','approved','2015-09-11 13:19:54','2007-08-29 23:24:46'),
('75','18','approved','2012-01-15 12:55:30','2011-01-12 01:48:23'),
('75','64','approved','1991-08-21 03:22:56','2006-03-10 12:33:50'),
('78','86','declined','2011-09-25 04:43:25','1993-09-30 15:51:20'),
('78','96','unfriended','2016-06-27 04:26:39','2018-12-28 07:59:52'),
('80','43','unfriended','1991-12-09 15:23:20','1978-05-09 18:22:01'),
('81','48','approved','2017-01-01 01:40:29','1976-08-28 00:37:17'),
('82','76','approved','1978-09-30 10:01:19','1970-09-18 06:46:29'),
('82','86','declined','1998-02-18 18:19:25','2018-07-19 16:20:59'),
('85','37','approved','1984-02-13 22:34:57','2006-12-27 12:04:15'),
('86','65','unfriended','1982-04-09 18:24:55','1972-10-18 10:11:33'),
('87','5','declined','2016-03-11 18:31:45','1994-07-24 16:47:30'),
('88','5','requested','2016-04-11 01:02:07','1998-04-09 05:18:45'),
('90','85','unfriended','1980-06-14 13:17:21','1973-04-10 23:46:50'),
('93','74','unfriended','1990-07-06 18:28:17','1995-08-17 17:33:23'),
('94','57','requested','2013-06-10 22:46:50','1987-11-30 16:11:50'),
('94','88','requested','2006-05-15 09:08:36','1996-01-05 21:55:57'),
('95','3','requested','2015-11-30 08:37:47','2013-10-11 07:32:14'),
('96','36','requested','2001-08-05 14:48:46','1984-12-08 23:37:53'),
('96','95','unfriended','1974-04-03 05:04:45','1972-06-01 18:52:54'),
('100','15','declined','2011-06-10 07:53:44','1994-03-14 01:45:59'),
('100','92','requested','2019-03-17 08:58:29','1982-07-22 18:52:22'); 


DROP TABLE IF EXISTS `messages`;
CREATE TABLE `messages` (
  `id` bigint(20) unsigned NOT NULL AUTO_INCREMENT,
  `from_user_id` bigint(20) unsigned NOT NULL,
  `to_user_id` bigint(20) unsigned NOT NULL,
  `body` text COLLATE utf8_unicode_ci DEFAULT NULL,
  `created_at` datetime DEFAULT current_timestamp(),
  PRIMARY KEY (`id`),
  KEY `messages_from_user_id` (`from_user_id`),
  KEY `messages_to_user_id` (`to_user_id`),
  CONSTRAINT `messages_ibfk_1` FOREIGN KEY (`from_user_id`) REFERENCES `users` (`id`),
  CONSTRAINT `messages_ibfk_2` FOREIGN KEY (`to_user_id`) REFERENCES `users` (`id`)
) ENGINE=InnoDB AUTO_INCREMENT=101 DEFAULT CHARSET=utf8 COLLATE=utf8_unicode_ci;

INSERT INTO `messages` VALUES ('1','26','99','Sed voluptatem sit repudiandae enim inventore modi iste. Qui quis ipsum voluptates ipsum. Dolor omnis aliquid doloribus exercitationem reiciendis. Magni error veritatis non autem ipsam quia.','2017-01-30 08:14:04'),
('2','44','29','Saepe recusandae ipsam ut id dolorem amet fugiat. Nam omnis explicabo itaque id iste. A impedit officia voluptatem voluptates.','1992-06-28 22:19:02'),
('3','14','20','Recusandae explicabo dignissimos cum illum molestiae. Doloribus unde beatae quisquam expedita consequuntur beatae consequatur.','1992-07-26 17:25:27'),
('4','50','99','Non temporibus id qui beatae. Aut tempore voluptatem non recusandae dolorum consequuntur. Debitis quia quia consectetur eius dolor et omnis debitis. Reiciendis voluptas et quia sapiente.','1970-08-26 00:51:51'),
('5','34','25','Exercitationem accusamus quis rerum praesentium veniam. Ab voluptatibus a blanditiis quia voluptas et iusto. Quo doloremque non temporibus blanditiis dolorem. Veniam autem sit autem enim.','1970-07-15 02:49:33'),
('6','74','84','Cumque sed omnis nemo qui quia sit occaecati labore. Quo suscipit consequatur tenetur ipsum necessitatibus. Deserunt earum quibusdam consequatur earum expedita error voluptatem accusamus. Molestiae dolor reiciendis doloremque.','1979-05-30 06:49:10'),
('7','43','2','Aut veniam est deserunt voluptatum voluptate. Ab reprehenderit ad illo autem. A voluptatum dolor fugit.','1998-02-06 07:53:15'),
('8','50','45','Ut laboriosam qui autem temporibus officiis quia culpa. Voluptatem dolorem et perspiciatis sed. Similique minima et omnis dolorem fugit ipsum.','2004-01-21 21:02:11'),
('9','46','81','Nihil aut consequatur aut error facilis. Doloremque voluptate explicabo quisquam molestiae facilis dolor.','1989-07-22 09:01:16'),
('10','35','63','Nemo quis nemo occaecati officiis. Qui maiores ut occaecati. Saepe vel quis in voluptate soluta blanditiis. Dolores quisquam ut ut repudiandae.','2004-02-18 05:32:18'),
('11','62','90','Ut molestias eaque ab qui aut possimus. Porro aut dolorum veritatis sed optio ut aperiam. Est ad dolore at. Et iste consequatur recusandae perferendis autem praesentium non.','2008-06-25 15:29:20'),
('12','16','41','Inventore dolorem mollitia ea consectetur explicabo dolores. Quas qui ab facilis iste corporis dolorum ullam.','2005-05-12 18:59:48'),
('13','85','68','Cum unde praesentium ex aliquam tempore voluptatem. Fugiat tempore dolores voluptate a voluptatem exercitationem excepturi. Sed repellendus ex velit mollitia alias voluptas facere.','1998-03-17 19:59:34'),
('14','58','8','Neque dolorem qui qui optio consequatur. Praesentium ut fugit suscipit et reprehenderit quaerat minima. Earum nulla nostrum dolorum dolorem debitis perspiciatis eum. Eos aut voluptates qui expedita est accusamus.','1983-07-03 08:43:02'),
('15','13','57','In eaque nisi ut amet quisquam quod. Sunt est dicta accusantium non reiciendis non. Pariatur autem distinctio et ea.','2011-08-02 06:19:03'),
('16','60','38','Aut minus numquam nihil officia maiores facilis. Ipsa nihil et eum aliquam sunt a. Quidem quia repudiandae quo odit iusto.','1981-01-04 01:46:55'),
('17','56','3','Et ex ipsam maiores molestias quisquam sequi sunt. Repellat laboriosam sed pariatur vel aperiam perferendis perferendis. Aperiam a provident sint magnam dicta.','2000-03-22 06:16:15'),
('18','66','69','Alias voluptatem et vel error eos modi amet. Sit iure accusamus veniam et illum voluptas. Amet ullam enim quas delectus aut accusamus. Eaque in velit veritatis aut quod deserunt.','1993-05-24 09:49:39'),
('19','23','15','Suscipit quae dolor explicabo eius qui quia rerum saepe. Itaque voluptatibus ut est in sint sed aperiam. Sed molestiae iure qui esse maxime consequatur rem.','2015-06-20 17:00:52'),
('20','68','57','Dicta consequatur nobis impedit soluta enim soluta. A aliquam cumque quia natus aut ut quia.','1994-08-25 18:10:36'),
('21','40','41','Mollitia aperiam quas expedita aut in et ut est. Laborum nisi magni quod beatae eum. Harum saepe consequatur aliquam aut fuga.','1982-11-17 15:58:40'),
('22','40','83','Praesentium quis nesciunt laborum qui odio. Qui doloribus enim soluta. Facilis corporis eius aut ut aut quia inventore. Consequuntur rem sunt iure quibusdam magnam exercitationem ut voluptas.','1981-08-18 18:51:10'),
('23','42','89','Blanditiis qui maxime sit blanditiis nam ut et. Quia soluta nobis corporis repudiandae. Alias doloremque eligendi necessitatibus deleniti quas dignissimos. Magnam aliquam doloribus illo nam nihil sint vel.','1993-08-02 19:26:44'),
('24','27','88','Accusantium vero officiis perspiciatis sit. Odio numquam doloremque ut consectetur. Libero et rerum exercitationem magni non.','1989-07-30 09:22:44'),
('25','69','61','Delectus dolores animi quo numquam. Et consequuntur quidem velit omnis eos exercitationem. Voluptatem doloribus et nostrum odio veritatis molestiae sint eaque.','1982-07-27 14:30:55'),
('26','51','31','Tempore eligendi esse reiciendis quia. Dolor explicabo delectus suscipit et dolor sapiente numquam facere. Laboriosam assumenda nemo modi in blanditiis eum commodi eligendi.','1972-03-27 08:18:28'),
('27','51','67','Et tempora temporibus ut quasi. Quidem ea sit esse ipsam voluptatem. Nam ipsum sapiente itaque nihil quia. Id aut enim aut ut. Et aut ut non voluptas consequatur et dolore.','1988-04-11 02:07:09'),
('28','72','35','Fuga illum excepturi quidem. Incidunt est quo consectetur voluptatem doloribus adipisci sit. Eveniet ratione alias accusamus. Vero ut ratione sed perspiciatis vitae dignissimos.','1984-08-06 03:41:30'),
('29','34','30','Doloribus autem in nam minima quia iure. Quia sequi voluptatum velit. Nihil voluptatum et quos explicabo voluptas beatae. Suscipit dolor aut nihil eligendi reprehenderit sequi.','1974-08-31 12:21:37'),
('30','43','46','Dolor et cumque quasi mollitia cupiditate qui. Animi et magnam blanditiis est rerum. At nostrum quis ab architecto nostrum. Quaerat nemo atque voluptatem aut.','1970-06-16 18:04:26'),
('31','86','2','Optio beatae nihil hic quae accusamus. Vitae minus rem fuga dolores in. Dolorum saepe voluptatem est rerum dolor ipsum aut architecto.','1999-02-09 13:37:28'),
('32','83','42','Nisi laborum quia nam quisquam a. Iure laborum hic harum qui. Explicabo quasi sunt officia minima exercitationem ratione.','1994-05-22 04:45:12'),
('33','5','49','Ut ad id blanditiis eius vitae. Soluta qui velit eligendi totam nam hic voluptas. Expedita molestias et provident suscipit quod doloribus. Perferendis voluptates voluptates est.','2004-03-06 00:45:32'),
('34','11','28','Qui quia amet ab. Officia porro quisquam sint voluptas libero. Et optio sit distinctio aliquid laboriosam. Consectetur quas aut odio harum.','2002-02-18 21:23:59'),
('35','64','78','Ex et quod commodi est. Similique dignissimos qui et vitae temporibus et perferendis. Numquam nihil quaerat ut fugit nisi et.','1992-07-25 16:31:48'),
('36','84','3','Sapiente aliquam alias voluptatem deserunt. Possimus ratione eos qui iure corporis soluta aut. Voluptas ipsum illum deserunt. Velit aut minima cumque magni id. Aut qui qui officia sit.','1972-01-03 10:37:31'),
('37','18','23','Commodi minima assumenda ipsum ducimus exercitationem id omnis. Tempora tempore quod doloribus quia molestiae ratione. Voluptas provident placeat est enim magni dicta.','1985-01-21 03:32:38'),
('38','85','60','Necessitatibus fugit eum voluptates vero mollitia explicabo ea. Maxime aliquam vel itaque reprehenderit porro dolore voluptatem suscipit. Eos dolorem nostrum aut ipsum ut. Eos assumenda dolore quidem saepe.','1972-08-12 11:53:12'),
('39','11','12','Ab corporis vel laboriosam voluptates adipisci et. Id laborum laborum modi dolor numquam debitis cum. Consequuntur ipsum cupiditate maxime dolorum beatae labore. Nihil ipsam qui voluptas perspiciatis atque quo placeat.','2001-07-09 15:06:55'),
('40','48','80','Nobis voluptas placeat dolores autem architecto. Delectus aliquam libero architecto harum. Quia voluptas est aut repellendus. Deleniti quia qui dolores quae.','2014-07-08 08:53:08'),
('41','72','98','Est omnis sunt harum ducimus non iure magnam eius. Libero repudiandae soluta minus odit earum ullam rerum aut. Accusamus tenetur consequuntur inventore debitis voluptatibus dolores corrupti. Itaque eos eveniet blanditiis.','2004-10-29 02:00:22'),
('42','10','23','Reiciendis consequuntur incidunt fuga aliquam enim aut impedit ad. Dolore qui sit non commodi. Sit rerum aspernatur explicabo id. Ut atque nisi provident autem.','1999-12-22 21:32:43'),
('43','64','82','Earum expedita accusantium in quos. A necessitatibus illum aut. Fuga est culpa in qui non sunt.','1978-03-20 19:00:21'),
('44','57','98','Corrupti amet tempore tempora accusamus praesentium magnam. Et ut eligendi porro non. Autem distinctio animi qui. Vitae nisi vero molestiae et.','2017-03-03 02:53:41'),
('45','11','100','In quidem et iusto distinctio eos voluptatum. Maxime eum corporis blanditiis maiores voluptas voluptas eveniet. Natus et ullam modi. Tempora et tempore repellat sunt repudiandae sed.','1989-09-09 06:26:15'),
('46','43','96','Ex quo dolorum eos placeat. Voluptatem porro ea sit sequi.','1996-05-23 06:53:21'),
('47','2','26','Tenetur tempore labore rerum enim dicta. Et molestias qui vel occaecati tenetur. Cum atque qui dolorem recusandae nulla.','2006-05-14 07:00:19'),
('48','38','6','Quam ut non iusto voluptatem consequatur modi repudiandae. Culpa eum et dolore eos est eius. Vel voluptatem asperiores molestiae omnis magni error. Nam et vel consequatur.','1991-02-23 13:03:57'),
('49','74','48','Sunt ipsa porro aut. Repellat rerum porro culpa dolorem dignissimos qui rerum. Tenetur dolores culpa amet nihil.','2005-06-18 14:56:24'),
('50','33','38','Ipsam hic qui veritatis quo inventore officiis. Ut aliquid sapiente enim ducimus ipsa. Deleniti rem quia neque dignissimos repudiandae. Quisquam non doloribus rerum et perspiciatis et voluptas. Mollitia enim nihil nesciunt quisquam impedit consequatur tenetur sunt.','1995-07-17 08:11:10'),
('51','25','16','Et ea sint ab qui. Suscipit omnis quo rerum animi distinctio. Et sed incidunt enim non molestiae. Et rerum architecto consequatur.','1983-07-27 10:04:06'),
('52','40','43','Dolor quia doloribus reiciendis necessitatibus aut eum pariatur. Eos provident quia quas magnam et soluta. Aliquid libero aperiam non vel voluptate autem. Maxime reprehenderit voluptatem ut eos modi nesciunt sit.','1987-01-02 13:24:57'),
('53','39','25','Dolorum iusto facere repellat dolor natus est. Praesentium nihil provident commodi provident voluptatum fuga distinctio distinctio. Dolorem distinctio earum autem modi nihil. Non non nobis ut accusantium.','1978-10-11 21:14:44'),
('54','3','49','Enim ut soluta optio laboriosam ea. Harum corrupti dolore sunt blanditiis. Aut sit doloremque a ratione facere illo.','1992-05-28 01:58:42'),
('55','37','50','Qui quas qui voluptates velit tempore repellendus rerum. Fugit nihil vero amet autem.','1983-04-06 03:46:44'),
('56','28','8','Facere praesentium sequi sed deserunt et. Aut odio adipisci qui quidem eos a. Rerum consequatur tempore quia blanditiis possimus.','1984-04-19 06:29:27'),
('57','48','38','Ad eius ad omnis est laborum at adipisci. Eligendi pariatur et magnam.','2001-03-02 18:51:32'),
('58','30','12','Amet unde explicabo dolore cupiditate sit officia dolorem. Quia esse porro excepturi nobis. Sit repellendus consequuntur eveniet quia et. Quis qui dolor eius quis repudiandae similique natus. Hic ut ut autem ut dolor et qui.','2001-09-02 17:37:40'),
('59','19','87','Dolorum minus iure animi sint. Sit voluptas magni voluptatibus vel. Quas facilis molestias quae eum quo nihil laudantium. Praesentium minus facere quos aspernatur consequatur voluptate molestiae.','1998-11-11 09:08:03'),
('60','9','29','Voluptatum rerum totam maiores. Inventore deserunt optio quos sed.','2015-11-24 09:10:59'),
('61','87','51','Magnam consequuntur dolore sint eum. Tempore eos quo in et voluptas autem iste ea. Illo et repudiandae aut sit officia tenetur dolores. Aut ut itaque consequatur officiis facilis atque qui.','1987-12-21 15:17:29'),
('62','25','88','Debitis autem aperiam exercitationem non libero dolorum aut. Nihil quia enim nulla consequatur odit magnam quia. Aut esse necessitatibus ut rem tempore laudantium odit placeat. Sit quod impedit suscipit ea. Maxime cumque voluptas error mollitia iusto est sunt.','1970-12-17 09:15:04'),
('63','77','63','Accusamus tempora ex nulla ipsum mollitia. Architecto neque minus aperiam. Sapiente doloremque ex tenetur quia.','1975-07-11 17:05:00'),
('64','93','51','Blanditiis laudantium mollitia sunt tempora ut. Totam sequi praesentium aspernatur dolor et quo id. Et voluptatem adipisci totam inventore quos.','2012-10-30 04:58:24'),
('65','10','26','Vero dolores voluptas quaerat velit qui nihil. Inventore sed et at id itaque ullam est aut. Quia quia quos excepturi provident molestiae et quia. Quia nostrum sit rerum et dolor sequi quaerat.','1975-05-27 18:00:45'),
('66','88','35','Dolorem a voluptas id soluta aspernatur nihil tempore. Et quia nisi distinctio quas vero. Molestias alias sed sequi odio aliquid ut aspernatur.','1971-12-13 08:03:55'),
('67','42','28','Eum excepturi sapiente qui rem eum impedit. Unde ut at voluptatem neque ut nihil sapiente possimus. Est nihil laudantium perferendis inventore vero.','1987-08-12 20:36:50'),
('68','77','80','Inventore eum occaecati tenetur consequatur. Est vitae voluptas repellat consequatur pariatur quod. Pariatur et et vitae repellat aliquid qui. Id ut illo placeat officia est natus.','2006-06-01 11:48:29'),
('69','52','80','Nisi ut quisquam laudantium praesentium. Nihil placeat accusamus voluptas nobis repellat fugit. Itaque eaque aspernatur odit consequatur commodi amet.','1997-04-04 01:34:08'),
('70','28','88','Reprehenderit repellendus dolore minus error dicta sunt. A dolor alias expedita ratione voluptatem. Omnis doloribus ab odit quibusdam quaerat. Magni doloremque magni facere commodi. Quod reiciendis beatae qui aut.','2019-07-14 03:50:34'),
('71','29','56','Molestiae ratione voluptas est sunt omnis. Magni consequatur omnis et qui in dolores. Aspernatur fugit et totam tenetur eligendi. Non est ipsum qui suscipit dolor nihil rerum.','2014-10-12 12:21:58'),
('72','96','77','Voluptatum ut architecto ipsa. Hic itaque sit vel amet asperiores. Tempore et et eos nemo.','1981-04-08 13:50:37'),
('73','94','26','Voluptatem odit ex error ut eligendi. Commodi sint molestiae soluta quis non numquam ullam. Quia necessitatibus voluptatem dolore delectus.','1994-08-25 07:14:12'),
('74','88','13','Voluptatem repudiandae qui beatae reprehenderit impedit atque. In quaerat quis dolor ipsum voluptatem. Odit amet doloribus ducimus sint autem voluptate cumque.','1989-08-15 18:40:51'),
('75','13','96','Maiores cum ea blanditiis provident tenetur repellendus ipsam. Odio ducimus alias nostrum. Saepe mollitia quisquam dolorem id officia omnis. Ducimus sed sit impedit et.','1997-06-20 23:58:44'),
('76','42','99','Eos rem et omnis. Tenetur quasi illo quidem commodi et. Deserunt quae rem molestiae ad dolorum aut necessitatibus. Quaerat consequatur doloribus ea fugit. Consequatur quibusdam sed omnis exercitationem.','1999-10-31 15:38:05'),
('77','47','66','Vero explicabo quam quo natus ut aut. Voluptatem non ut ab. Soluta cupiditate impedit temporibus sint repellat veritatis nisi. Voluptatibus architecto eum enim sit.','1973-12-15 02:16:08'),
('78','86','23','Veniam harum nesciunt et sint ad dolores quo. Sint voluptatem adipisci temporibus aut ratione autem repellat. Nisi fugiat odit ipsum quasi facilis aut.','2015-10-28 11:43:33'),
('79','28','79','Minus necessitatibus voluptatibus voluptate aut consequatur. Quia sit facilis rem est quasi in. Quibusdam alias at qui nesciunt est blanditiis quia. Quos dolor voluptas optio reprehenderit.','1987-04-09 03:27:06'),
('80','73','38','Pariatur voluptatibus quaerat reprehenderit asperiores non totam ipsum ut. Odit non id dignissimos nesciunt eum exercitationem. Nulla harum quam hic maxime sit aut. Eum aut doloribus nulla enim ea ipsam.','2016-02-18 16:12:03'),
('81','4','60','Quaerat laudantium ipsum eaque culpa sit ad. Ea unde voluptatum incidunt qui qui. Voluptatem officiis sunt est ipsum perferendis asperiores itaque. Id delectus rerum qui qui id eius quia.','1973-05-14 16:55:48'),
('82','72','45','Quasi repellat fugit libero corrupti maxime enim. Ducimus dolore aut ratione expedita. Aspernatur blanditiis perferendis tempore aut deleniti dicta doloremque.','1981-07-05 07:31:07'),
('83','87','49','Culpa expedita qui nisi delectus suscipit dolor. Non sit consectetur ducimus earum.','1984-01-11 00:37:53'),
('84','24','39','Dolorem aut alias velit ab expedita officiis. Ex saepe delectus maiores in quos incidunt aut.','2003-09-28 17:14:43'),
('85','28','52','Qui numquam doloremque vel cupiditate. Omnis necessitatibus aliquid dolor at. Maiores blanditiis quibusdam quis quo odio corrupti minus. Ab accusantium enim aspernatur veniam reprehenderit mollitia.','1978-05-22 20:10:41'),
('86','27','57','Cum ut porro et. Minima aut deserunt ipsam pariatur excepturi molestiae. Unde enim ut rem. Ipsam nisi enim nemo inventore iste soluta excepturi id.','1999-01-21 05:19:09'),
('87','8','23','Quia a doloremque distinctio asperiores aut est non. Dolor iure esse id voluptas quas. Iste est quisquam blanditiis qui est. Voluptates eaque blanditiis ducimus accusantium alias. Molestiae labore aut ut voluptatem beatae sint.','1989-03-20 16:09:53'),
('88','34','1','Ut consequuntur dolores esse odio. Itaque ipsa sed soluta doloribus aut inventore temporibus. Et delectus distinctio molestiae dignissimos voluptas. Pariatur non voluptas provident error itaque.','1972-03-16 23:34:58'),
('89','49','21','Cupiditate magnam vel et aperiam est ut. Quis aut cum qui ut molestiae omnis. Earum voluptas id possimus. Facilis dolorem sit mollitia doloremque occaecati ut nobis.','1971-01-27 03:58:45'),
('90','14','61','Nemo dignissimos earum est sapiente a. Qui quibusdam odio nesciunt rerum consequuntur vitae. Est quo ea qui alias qui quia dolor accusamus.','2008-07-24 13:57:28'),
('91','16','55','Tenetur facilis consequatur culpa aut. Architecto cum blanditiis accusamus ipsum maxime doloribus porro. Unde quo temporibus optio modi autem tenetur sequi.','1984-01-03 18:02:09'),
('92','60','62','Perspiciatis non debitis ullam suscipit id aspernatur est optio. Numquam rerum a qui. Et perferendis et perferendis hic.','2019-04-20 08:54:52'),
('93','21','45','Adipisci delectus dolore eaque earum. Aut beatae exercitationem hic deserunt dolor consequatur. At illum sint est consectetur qui aut labore. Accusantium ut iste assumenda et.','2001-07-10 15:32:38'),
('94','85','49','Praesentium ratione quia explicabo veniam numquam. Amet atque saepe quo et repellendus officiis. Debitis eaque ab iusto eveniet porro magni corrupti molestiae.','1977-11-29 14:37:52'),
('95','23','57','Et sunt ea incidunt eum. Animi aut laborum enim molestiae cupiditate qui.','2008-10-06 21:52:33'),
('96','86','27','Ratione omnis sit eum. Consequuntur nihil qui animi officia. Labore non debitis et ab et similique. Tempora consequatur est ut qui officiis sit.','1999-09-17 06:53:01'),
('97','17','58','Et qui id repellendus ut consequatur eos. Distinctio unde sunt velit vel dolorem corporis dolores excepturi. Id expedita praesentium sit omnis nulla soluta velit.','1976-02-01 06:40:59'),
('98','72','4','Sed blanditiis nisi quis illo ut. Ut deleniti quod dolores. Id et aut laboriosam voluptas asperiores ut qui. Saepe dicta officia inventore voluptatibus.','2006-02-12 15:44:36'),
('99','7','96','Libero id quo repellat necessitatibus quia totam. Quae tempora eveniet minus impedit dicta. Et eveniet rerum ipsam consequuntur dolorum corrupti aut. Necessitatibus voluptatibus minima ab non.','1995-01-29 17:36:43'),
('100','43','34','Perspiciatis fugit dicta recusandae. Libero ullam accusantium rerum. Eum pariatur sed voluptas error doloremque.','1981-10-19 04:48:03'); 


DROP TABLE IF EXISTS `photoalbom`;
CREATE TABLE `photoalbom` (
  `id` bigint(20) unsigned NOT NULL AUTO_INCREMENT,
  `user_id` bigint(20) unsigned NOT NULL,
  `photo_id` bigint(20) unsigned NOT NULL,
  `photo_description` varchar(255) COLLATE utf8_unicode_ci DEFAULT NULL,
  `created_at` datetime DEFAULT current_timestamp(),
  PRIMARY KEY (`id`),
  KEY `user_id` (`user_id`),
  CONSTRAINT `photoalbom_ibfk_1` FOREIGN KEY (`user_id`) REFERENCES `users` (`id`) ON DELETE CASCADE
) ENGINE=InnoDB AUTO_INCREMENT=101 DEFAULT CHARSET=utf8 COLLATE=utf8_unicode_ci;

INSERT INTO `photoalbom` VALUES ('1','30','7315894520','Non praesentium molestias voluptas officiis eaque ratione.','2017-11-16 01:46:06'),
('2','91','4177400469','Eius nulla quis omnis ipsum unde quo.','2013-05-11 00:20:42'),
('3','27','5164795112','Non quis rerum exercitationem consectetur distinctio.','1977-01-30 06:34:07'),
('4','63','1763233280','Quas animi reprehenderit qui nemo.','1999-04-23 14:23:26'),
('5','6','2489649994','Fuga doloremque magnam consequuntur assumenda quia cupiditate.','1991-02-06 02:52:14'),
('6','76','1421640040','Neque omnis magnam tempore aut fuga at omnis.','1972-06-14 02:49:48'),
('7','72','8280351677','Neque eos voluptatum eius fuga ut.','2005-11-07 13:31:23'),
('8','80','3761027023','Possimus doloremque magnam a laborum et quam dolores tempora.','1971-09-18 12:01:38'),
('9','95','3873961613','Alias omnis id magni provident doloribus.','1998-10-19 00:15:08'),
('10','51','3416852514','Explicabo accusantium cum maiores enim sed.','2002-02-03 19:08:53'),
('11','18','5743708955','Autem omnis hic quisquam veniam dolor iste nesciunt.','1997-05-27 13:48:44'),
('12','36','4651584550','Temporibus tempore id eveniet accusamus possimus necessitatibus molestiae.','1973-02-20 08:54:18'),
('13','11','2851585249','Minus est repellendus vitae dolorem odit.','1981-02-05 08:31:25'),
('14','76','5068154191','Ut fugit voluptas quaerat architecto voluptatem.','1983-01-01 16:19:13'),
('15','46','2241247598','Doloremque neque expedita possimus modi asperiores aut quis.','1984-07-31 15:52:37'),
('16','11','8092720765','Aut rerum facere deserunt enim id tempore.','2018-11-14 02:33:40'),
('17','4','7928115453','Veritatis quia dolor sit nostrum totam omnis commodi.','2017-01-20 17:40:31'),
('18','71','3648885146','Animi nihil qui odit voluptatem possimus deleniti.','1973-08-23 11:00:01'),
('19','89','1819731934','Et molestiae pariatur beatae et consequatur officiis.','1970-05-19 06:30:15'),
('20','71','2253813990','Qui libero ut est repudiandae.','2009-10-11 11:03:02'),
('21','3','2439616315','Deleniti ut numquam eligendi temporibus ad natus facilis.','2019-03-12 04:12:28'),
('22','25','8988297855','Nam consequuntur voluptatem occaecati qui possimus placeat enim.','2011-05-21 14:29:37'),
('23','17','5154244091','Possimus qui quia voluptas eos.','2013-03-16 00:34:17'),
('24','1','7562942575','A architecto fugiat quos quae.','1975-06-06 18:08:07'),
('25','24','3090241937','Velit minus aut laudantium consequatur quaerat sit.','1996-01-20 18:16:15'),
('26','50','9454703884','Quisquam quo iste minus nesciunt saepe quod tempora.','2001-01-07 20:34:52'),
('27','44','4099721216','Expedita consequatur voluptates hic qui ad.','1985-01-16 14:47:04'),
('28','75','9491437194','Exercitationem sapiente esse voluptatem et explicabo mollitia eligendi.','2017-11-05 05:37:46'),
('29','63','5856847112','Et rerum consequatur modi repudiandae quasi est qui.','1998-01-12 07:25:41'),
('30','49','7101098215','Iste non blanditiis quasi fugiat.','1980-10-06 01:59:50'),
('31','18','5336391442','Molestiae reiciendis id recusandae blanditiis eius qui.','1992-12-09 05:49:48'),
('32','93','6559800434','Occaecati ut ducimus animi veritatis.','1977-04-09 00:25:52'),
('33','39','5988570878','Sit accusamus maxime repellendus minima hic.','1993-05-05 00:51:26'),
('34','44','1001276252','Quia sint excepturi nobis occaecati et enim nam et.','1971-08-27 09:17:05'),
('35','56','3355978396','In est corporis dolor voluptas ut dolorem atque.','2010-07-01 03:46:21'),
('36','44','1763392323','Et autem labore ut et voluptatem aliquid impedit.','2003-12-01 04:07:59'),
('37','20','2952324337','Laudantium saepe minus necessitatibus occaecati qui.','1994-09-29 22:46:26'),
('38','28','6597191326','Beatae ex doloribus voluptas voluptas eos nobis.','1990-06-22 23:59:26'),
('39','24','4131959074','Quis et culpa rerum.','1976-05-18 19:23:32'),
('40','15','2377815450','Consequuntur qui ut inventore quisquam dolorum recusandae animi.','1974-08-22 03:41:55'),
('41','78','7835918036','Et veritatis adipisci quas odit ex quo.','2013-07-27 06:47:43'),
('42','42','3248114353','Qui tenetur deleniti saepe eos nostrum laudantium.','1988-09-29 03:41:55'),
('43','50','9313093711','Odio unde qui facere dolores fuga reiciendis facere.','1994-09-23 02:53:25'),
('44','88','6598369064','Eos ut ut ducimus at qui blanditiis.','2012-01-06 12:21:11'),
('45','17','7166861843','Sit ut nesciunt voluptatem voluptatem veniam laudantium aliquid.','1973-06-01 18:40:19'),
('46','95','682259283','Debitis molestias officiis consequatur quibusdam.','1989-05-23 07:14:42'),
('47','99','4995038174','Aut dolor ratione praesentium et et qui odit.','1992-01-14 06:14:47'),
('48','20','479468921','Quia quasi et ipsam adipisci et animi fugit quasi.','1985-01-06 11:18:41'),
('49','66','4871976084','Voluptatibus magnam atque in sapiente rerum vitae ea qui.','1987-10-01 14:41:03'),
('50','87','9097769907','Vitae nam consequatur provident voluptatibus qui harum.','1974-02-02 15:22:46'),
('51','91','4132156909','Hic est sint amet necessitatibus minima ut at facilis.','1995-02-12 22:04:48'),
('52','68','765689501','Reprehenderit velit autem amet eum quas.','2006-08-08 16:26:54'),
('53','11','2649971377','Velit nihil doloribus praesentium laborum eos.','2000-12-16 06:35:45'),
('54','8','1556547633','Temporibus corrupti repellendus aut deleniti maxime ad.','2017-09-23 07:33:20'),
('55','69','7117949779','Adipisci autem autem vel suscipit veniam.','2012-10-13 13:04:45'),
('56','35','5921575599','Quo est maxime soluta rem dolor officiis odio.','2010-12-27 19:23:35'),
('57','57','9519948261','Assumenda deserunt assumenda necessitatibus eos dicta error voluptatem.','1976-11-16 21:54:04'),
('58','12','3087345411','Et nemo consequatur porro sint doloribus reiciendis est.','2018-12-30 05:50:25'),
('59','9','7305006657','Beatae odio tenetur illum cum omnis est sed.','2019-10-16 20:34:41'),
('60','19','4598434118','Sequi iusto neque et eum iste reiciendis.','1975-12-13 16:26:37'),
('61','61','192408372','Est eveniet quis id maiores rem nobis.','1983-07-15 19:01:17'),
('62','26','3828689651','Aut nisi velit alias culpa et expedita nostrum possimus.','2009-07-30 11:14:45'),
('63','12','7923394397','Quia nobis perspiciatis facilis corporis sed quasi qui.','2010-10-05 17:43:09'),
('64','99','2012747723','Saepe et earum autem eligendi atque totam accusamus.','1986-11-08 02:25:21'),
('65','70','8189252273','Illum consequuntur sit est animi soluta provident est ut.','2010-05-17 18:25:29'),
('66','67','3229821460','Id vel facilis voluptatum aliquid quae.','1997-12-24 18:02:47'),
('67','43','3703269776','Quod laborum laborum voluptatibus quia dolorem.','1981-08-01 08:11:10'),
('68','89','1674838320','Eum qui maxime ullam quia et dolor cum consequatur.','1995-01-02 06:52:29'),
('69','94','1392537943','Error eum aliquid rem eum sequi voluptatem non eveniet.','2010-11-17 00:14:41'),
('70','67','4031762705','Animi nemo vitae dolorem.','2020-04-18 19:53:36'),
('71','3','9424953869','Cupiditate illum quaerat et et ut nostrum.','1999-04-27 06:19:37'),
('72','72','5801754909','Est saepe illo tempora repudiandae.','1980-09-09 07:22:20'),
('73','8','4940760682','Explicabo cupiditate non autem veniam earum.','1988-04-01 22:09:13'),
('74','52','5729255784','Enim omnis modi sit provident numquam sed.','2006-07-18 20:05:12'),
('75','59','3194395613','Rerum aliquam atque numquam nihil.','2002-01-21 06:54:37'),
('76','24','3232193184','Aperiam quia soluta maiores iure.','1971-04-16 01:27:02'),
('77','47','1434684813','Neque laudantium molestiae odit tenetur iure aliquid quam.','2016-05-18 01:26:26'),
('78','57','7071111819','Enim libero magni numquam quis fugit qui ab.','1996-12-14 12:20:34'),
('79','44','4064623354','Voluptatem ipsam nihil aut.','2003-08-24 13:26:23'),
('80','12','6408654625','Quis corrupti molestias aspernatur consequuntur omnis sint.','1980-09-26 13:08:49'),
('81','44','5648490577','Aliquam excepturi adipisci et voluptatem.','1979-05-01 19:08:19'),
('82','35','8266438669','Totam similique doloremque ut qui.','2015-09-22 00:35:36'),
('83','79','6035942306','Et inventore id commodi repellendus laudantium.','2018-07-02 04:26:12'),
('84','55','927774680','Fugiat a non ex quo blanditiis illum.','2018-07-05 02:09:38'),
('85','42','5119779457','Pariatur eveniet harum cum architecto ratione.','2006-06-28 22:14:19'),
('86','48','6083100511','Quod commodi magni qui a qui doloremque perspiciatis.','1982-04-14 14:47:55'),
('87','89','4558848913','Deserunt ad non esse molestiae dolores hic.','1974-11-10 11:24:53'),
('88','98','1466944824','Atque aut eveniet sint rem in vel id delectus.','1992-10-23 07:36:03'),
('89','59','3314323122','Nihil sed aut molestiae maiores autem ut magnam.','1994-04-21 06:16:47'),
('90','98','9234948665','Ea blanditiis error sint cumque eius deserunt dolores.','1990-05-23 03:11:19'),
('91','17','2549509173','Nesciunt pariatur alias magnam quia corporis velit.','1988-09-28 21:27:18'),
('92','20','4687676694','Aperiam nam ut praesentium sed.','1987-07-16 09:37:20'),
('93','24','6066022367','Pariatur est modi dolores fugiat et delectus eum.','2008-02-29 06:49:30'),
('94','28','2631629839','Magnam adipisci reprehenderit est at.','2014-03-03 00:16:50'),
('95','18','7760533402','Ut voluptatibus minima sit.','1990-07-15 02:12:45'),
('96','93','693240067','Omnis maiores molestiae dolorem quam expedita.','1989-04-17 06:52:04'),
('97','95','6709614336','Vel aliquid neque sed.','2013-11-01 12:59:46'),
('98','61','2686040449','Omnis debitis rerum velit nulla ex qui eveniet.','2008-11-10 17:09:26'),
('99','82','8640947189','Amet est facilis odit reiciendis repudiandae dignissimos.','1983-01-12 13:48:01'),
('100','89','6302267747','Alias iure laboriosam nihil dicta fugit et.','1972-05-22 17:32:41'); 


DROP TABLE IF EXISTS `profiles`;
CREATE TABLE `profiles` (
  `user_id` bigint(20) unsigned NOT NULL AUTO_INCREMENT,
  `gender` char(1) COLLATE utf8_unicode_ci DEFAULT NULL,
  `birthday` date DEFAULT NULL,
  `photo_id` bigint(20) unsigned DEFAULT NULL,
  `created_at` datetime DEFAULT current_timestamp(),
  `hometown` varchar(100) COLLATE utf8_unicode_ci DEFAULT NULL,
  PRIMARY KEY (`user_id`),
  CONSTRAINT `profiles_ibfk_1` FOREIGN KEY (`user_id`) REFERENCES `users` (`id`) ON DELETE CASCADE
) ENGINE=InnoDB AUTO_INCREMENT=101 DEFAULT CHARSET=utf8 COLLATE=utf8_unicode_ci;

INSERT INTO `profiles` VALUES ('1','m','1975-04-24','3270317452','2009-06-30 16:59:59','North Simeonfort'),
('2','m','1970-01-01','5844718838','1981-01-13 16:23:01','Lake Felixland'),
('3','f','2019-11-25','9978296951','1986-05-25 10:56:45','New Tatumfurt'),
('4','f','1973-12-27','3068370233','2006-07-18 00:37:56','Port Regan'),
('5','f','1996-05-11','5302470363','1977-08-17 23:08:23','Reillyberg'),
('6','m','1991-03-26','6241669136','2011-08-05 02:53:34','Lake Scotstad'),
('7','f','1993-05-29','6061929403','1983-10-28 03:06:30','East Elissaburgh'),
('8','f','2001-03-22','2604464917','1985-04-15 13:07:27','East Kayleyfort'),
('9','m','2010-09-12','7866804405','2010-10-02 18:26:26','North Giovani'),
('10','f','1996-08-14','1964973768','2001-10-02 21:51:31','North Alvinabury'),
('11','f','2005-07-28','942159819','1972-08-17 21:07:47','East Grayson'),
('12','f','1999-08-17','2776169863','1973-02-07 11:51:19','North Monserrat'),
('13','m','1971-02-22','3372352051','2001-09-30 01:58:50','Port Aliciaside'),
('14','m','2000-03-05','5148708835','2012-04-30 16:24:51','Danielland'),
('15','m','2005-05-29','7898383507','1977-09-25 12:45:14','Ignatiuston'),
('16','f','2018-10-19','5497801030','1995-10-12 23:41:09','Norristown'),
('17','m','2011-08-16','3452507864','1996-06-14 11:58:30','Port Theodora'),
('18','f','1983-02-20','3572818680','2007-08-17 20:29:59','Nikolausburgh'),
('19','m','1984-11-19','950933023','1997-01-18 06:59:40','Toyville'),
('20','f','2016-12-04','5756909255','1986-02-09 07:44:36','Port Lilla'),
('21','f','2013-03-11','6647092617','1978-03-26 11:09:34','Port Coralie'),
('22','m','1981-06-10','4577090106','1985-01-09 20:16:04','Willmouth'),
('23','m','2004-02-12','8995661555','1993-10-28 16:26:12','South Joanniemouth'),
('24','f','1983-12-25','4304312479','1993-06-10 23:47:08','South Floridamouth'),
('25','f','2010-01-14','4015288380','1993-09-14 08:29:48','New Rollintown'),
('26','m','1983-01-12','7857279209','1987-12-05 14:53:20','North Erichberg'),
('27','m','1977-01-29','1666000752','2019-10-03 19:02:41','Annehaven'),
('28','m','2010-05-07','2606195852','2001-03-16 03:46:53','North Angusview'),
('29','f','1984-07-01','3788083951','2006-12-20 05:19:22','Wiegandfort'),
('30','m','2019-05-08','7757363264','1977-08-13 14:47:34','South Sarinamouth'),
('31','f','1978-02-21','7173390252','2019-03-14 10:14:26','Wilkinsonmouth'),
('32','f','1975-03-27','6159427089','2003-04-21 16:44:58','Emersonton'),
('33','m','1992-08-30','6382154341','2004-12-21 11:54:45','South Retha'),
('34','f','1975-06-19','2318307775','1983-05-28 06:04:00','Eichmannshire'),
('35','f','2011-04-28','8159609431','1976-01-26 15:25:43','Gerholdhaven'),
('36','f','1996-04-14','4587167585','1998-08-22 20:03:38','Edshire'),
('37','m','1985-02-17','8546451906','1976-04-19 16:51:47','Trantowfort'),
('38','f','2009-02-03','3778639108','2010-04-03 21:37:41','Schummburgh'),
('39','m','1999-01-16','8089599764','2000-12-10 04:39:52','Volkmanview'),
('40','m','1970-07-29','9266288937','2019-02-01 14:58:35','Dorcastown'),
('41','m','2015-08-30','7996186410','1992-08-20 13:44:35','Nienowborough'),
('42','f','1982-12-15','9589667700','1996-07-05 16:55:55','South Clemens'),
('43','m','1984-11-28','158934715','2006-01-10 04:28:22','South Trudiemouth'),
('44','f','2002-04-09','8646531658','1980-10-09 06:51:08','Lake Lawsonview'),
('45','f','1985-08-25','8328937925','1994-04-12 02:29:40','New Tanyamouth'),
('46','m','1997-10-10','4911138313','1994-03-31 20:07:22','East Torrey'),
('47','m','2005-06-25','137376281','1989-05-23 07:37:16','Ziemeshire'),
('48','f','2013-01-25','5294006231','1970-03-18 00:41:17','Toymouth'),
('49','m','1976-06-02','5183037506','1993-09-13 22:48:55','New Newtonland'),
('50','m','1981-07-20','8055098547','2012-02-08 10:56:09','North Leilanifurt'),
('51','m','2008-03-04','8439700316','2003-06-17 05:38:41','Predovicborough'),
('52','f','1980-07-28','3548656423','2007-11-27 11:59:53','Volkmanfurt'),
('53','m','1989-12-06','3599721052','1983-10-25 19:38:02','Lake Greysontown'),
('54','m','1989-08-03','7765874904','2018-07-04 23:05:56','South Bailey'),
('55','m','1981-08-31','6858271527','2007-11-02 08:26:39','West Jasmin'),
('56','f','2015-07-20','1567253266','2001-10-14 08:18:06','Myrnaton'),
('57','m','1988-04-07','3316617225','1973-08-02 12:11:34','North Edythport'),
('58','f','1981-12-31','7935520571','1990-06-19 02:14:35','South Sandraburgh'),
('59','m','1980-05-22','7055197744','1990-10-14 15:59:17','Charleneport'),
('60','f','2004-07-06','8703226100','1982-03-11 19:56:51','Dedrickberg'),
('61','f','1985-08-09','4579108998','1996-01-20 03:46:46','Port Jamey'),
('62','f','1995-12-14','1002886132','2019-10-06 01:09:20','East Roelhaven'),
('63','f','2014-06-09','3607747025','1992-04-14 10:51:04','Reubenstad'),
('64','f','1996-10-14','4830705012','2011-11-05 12:54:35','Gulgowskimouth'),
('65','m','1996-02-21','9074695703','1976-03-03 06:51:14','New Lewis'),
('66','m','1984-10-24','8363268976','2014-06-28 19:03:40','North Lauryn'),
('67','f','1996-08-12','4844214452','1993-12-21 09:40:09','West Kaciechester'),
('68','f','1992-12-05','6211101573','1984-07-18 12:56:00','Stefanieborough'),
('69','f','2005-12-27','7393527260','2010-02-01 03:02:46','Goyettehaven'),
('70','f','1979-10-23','1276683593','1977-03-27 10:57:22','Vonmouth'),
('71','m','2005-01-12','1993035855','2006-05-23 02:01:28','South Miracle'),
('72','m','2012-03-18','8512140631','1978-08-07 09:33:55','Domingoview'),
('73','f','2014-12-29','9845122858','1988-10-15 01:44:12','Runtestad'),
('74','f','1970-11-21','426766769','2000-05-01 23:40:24','New Jeffry'),
('75','f','1982-10-15','6517785679','2009-08-17 14:14:47','East Dominiquestad'),
('76','f','2015-03-23','1983393696','1982-03-21 13:13:25','Lake Judah'),
('77','m','1990-09-15','9694680017','2018-04-12 22:31:39','West Myrtle'),
('78','f','1987-12-01','5694814253','2010-08-12 08:40:07','Okunevatown'),
('79','m','1992-06-24','5298745452','2012-12-18 01:05:35','Elenoraland'),
('80','m','2016-07-25','8944267483','1980-01-10 21:50:42','Hilpertmouth'),
('81','m','1985-04-16','2583405743','1971-09-28 07:12:28','New Jedediahmouth'),
('82','f','1999-05-04','2077996764','2000-03-10 01:00:43','Willmouth'),
('83','f','1989-09-21','2030898675','1980-02-10 02:50:42','Lake Zelda'),
('84','m','1989-09-10','5917161592','2020-01-11 12:05:12','West Sheldonfurt'),
('85','m','1997-04-29','7897226460','1998-11-22 15:39:26','Maximefort'),
('86','m','1983-10-20','5908017709','2007-02-20 16:41:06','South Ryder'),
('87','f','2000-01-18','5353609792','2009-09-21 01:50:19','Hegmannbury'),
('88','m','2017-05-14','1383659720','1976-04-28 22:34:10','Marquardtside'),
('89','m','2001-07-09','2454454588','1976-02-18 06:49:59','East Anaisburgh'),
('90','f','1989-04-26','5498782396','1989-05-12 01:08:31','Roobside'),
('91','f','2009-03-20','2133058331','1974-12-26 16:53:29','Balistrerichester'),
('92','f','1983-01-07','2249204857','2020-01-07 15:22:34','Mertzview'),
('93','m','1980-08-25','4108692872','2010-03-23 21:30:45','Homenicktown'),
('94','m','1976-10-08','2242803507','1976-01-07 00:18:34','Lake Rebecaborough'),
('95','f','2014-01-17','398261456','1978-08-29 21:35:12','East Kylieborough'),
('96','m','1970-04-12','5689238606','1972-10-19 04:13:31','West Sheldonstad'),
('97','m','1972-07-01','6133952293','1976-11-22 23:20:33','Schowalterfort'),
('98','m','2012-11-29','178856070','2018-06-28 04:38:32','Lake Torrey'),
('99','m','1978-06-19','940634390','1997-05-22 08:40:49','Mariettaborough'),
('100','m','1999-10-22','706203884','1974-03-23 21:24:10','Reichertland'); 


DROP TABLE IF EXISTS `smiles`;
CREATE TABLE `smiles` (
  `id` bigint(20) unsigned NOT NULL AUTO_INCREMENT,
  `smile_code` varchar(10) COLLATE utf8_unicode_ci DEFAULT NULL,
  `smile_pic` bigint(20) unsigned NOT NULL,
  PRIMARY KEY (`id`),
  KEY `smiles_smile_code` (`smile_code`)
) ENGINE=InnoDB AUTO_INCREMENT=26 DEFAULT CHARSET=utf8 COLLATE=utf8_unicode_ci;

INSERT INTO `smiles` VALUES ('1','\\sds\\','7211587331'),
('2','\\brj\\','2420234513'),
('3','\\zza\\','1323562808'),
('4','\\pdv\\','7316894335'),
('5','\\ajp\\','9372065110'),
('6','\\prr\\','4316664280'),
('7','\\gsk\\','6624074193'),
('8','\\bvs\\','5239794167'),
('9','\\xfl\\','4400720682'),
('10','\\qqy\\','9461395423'),
('11','\\dqn\\','5477240831'),
('12','\\tbw\\','2969255593'),
('13','\\omq\\','6290520368'),
('14','\\nuz\\','6036001372'),
('15','\\but\\','9573112380'),
('16','\\npi\\','3117599826'),
('17','\\msk\\','8417217104'),
('18','\\yvc\\','8970942888'),
('19','\\ddf\\','9815148856'),
('20','\\qwk\\','8610958728'),
('21','\\lfo\\','5462149796'),
('22','\\gqi\\','3883526354'),
('23','\\zoa\\','3548577636'),
('24','\\qkf\\','9685385080'),
('25','\\wzp\\','610889703'); 


DROP TABLE IF EXISTS `users`;
CREATE TABLE `users` (
  `id` bigint(20) unsigned NOT NULL AUTO_INCREMENT,
  `firstname` varchar(50) COLLATE utf8_unicode_ci DEFAULT NULL,
  `lastname` varchar(50) COLLATE utf8_unicode_ci DEFAULT NULL COMMENT 'Фамилия пользователя',
  `email` varchar(120) COLLATE utf8_unicode_ci DEFAULT NULL,
  `phone` bigint(20) DEFAULT NULL,
  PRIMARY KEY (`id`),
  UNIQUE KEY `email` (`email`),
  KEY `users_phone_idx` (`phone`),
  KEY `users_firstname_lastname_idx` (`firstname`,`lastname`)
) ENGINE=InnoDB AUTO_INCREMENT=101 DEFAULT CHARSET=utf8 COLLATE=utf8_unicode_ci;

INSERT INTO `users` VALUES ('1','Loren','Marquardt','allan.dubuque@example.org','0'),
('2','Jett','Miller','harmon.spinka@example.com','0'),
('3','Janet','Abernathy','gussie09@example.com','602'),
('4','Alayna','Kshlerin','fkling@example.net','41'),
('5','Kianna','Fay','mckenna79@example.net','0'),
('6','Cheyanne','Stehr','hmckenzie@example.org','0'),
('7','Alysa','Quigley','skylar.wolf@example.com','0'),
('8','Griffin','Marvin','travis.schulist@example.org','481031'),
('9','Aisha','Ziemann','ashtyn.grady@example.org','173036'),
('10','Josue','Padberg','brielle.armstrong@example.com','1'),
('11','Yvonne','Batz','pollich.germaine@example.org','247'),
('12','Emmet','Upton','altenwerth.george@example.com','78'),
('13','Dusty','Cruickshank','jerry.stiedemann@example.com','386477'),
('14','Lisette','Jacobson','nromaguera@example.net','0'),
('15','Willa','Gulgowski','ellie.mclaughlin@example.net','0'),
('16','Tom','Johns','sparker@example.com','0'),
('17','Ottilie','DuBuque','yadira.bauch@example.org','0'),
('18','Shirley','Konopelski','lauryn.mante@example.com','1'),
('19','Stefan','Barrows','rutherford.brionna@example.net','392'),
('20','Jovani','Cartwright','oprohaska@example.net','70'),
('21','Betsy','Ziemann','tyler66@example.net','4211596093'),
('22','Gustave','Koelpin','qhermann@example.net','7327203554'),
('23','Dexter','Hirthe','krajcik.violette@example.com','4245213130'),
('24','Ezra','Little','jessica.hodkiewicz@example.org','162'),
('25','Orrin','Boyer','eleazar84@example.net','18'),
('26','Horace','Wilkinson','humberto30@example.org','1'),
('27','Reina','Douglas','werner60@example.net','118'),
('28','Kevin','Nikolaus','herman47@example.net','630'),
('29','Virginia','Will','nestor50@example.org','0'),
('30','Terrance','Bergstrom','johan.streich@example.com','897957533'),
('31','Buford','Little','alisa47@example.net','49'),
('32','Hazle','Wisoky','leatha.hoppe@example.net','1'),
('33','Jerad','Bergnaum','heather18@example.com','5451120188'),
('34','Armani','Heaney','rohan.bonita@example.org','1'),
('35','Beaulah','Hermann','friesen.merlin@example.com','35'),
('36','Anastacio','Waters','alicia96@example.net','0'),
('37','Parker','Emard','juwan75@example.org','475'),
('38','Shayne','Larkin','nathen28@example.net','1'),
('39','Glenna','Swaniawski','dudley16@example.com','1'),
('40','Markus','Bogisich','parisian.pascale@example.org','0'),
('41','Eloy','Jast','cecil.muller@example.net','221125'),
('42','Sydni','Vandervort','strosin.marcia@example.com','867863'),
('43','Audie','Koch','ryleigh.morissette@example.com','0'),
('44','Odell','Hartmann','desmond97@example.net','0'),
('45','Dexter','Bergstrom','arianna37@example.com','1'),
('46','Ernestine','Kub','koch.dovie@example.net','622251'),
('47','Aaron','Reichel','nboehm@example.net','405556'),
('48','Dasia','Conroy','ullrich.alexa@example.net','1'),
('49','Harvey','Heidenreich','cdickinson@example.org','1'),
('50','Edgar','Mayert','vickie35@example.net','34'),
('51','Isai','Conroy','markus.cassin@example.net','0'),
('52','Roxanne','Cronin','growe@example.net','768'),
('53','Branson','Lang','cfritsch@example.org','815'),
('54','Polly','Rippin','wilfred.grady@example.com','325688'),
('55','Jordyn','Graham','feeney.mariana@example.net','0'),
('56','Julianne','Tremblay','maymie.batz@example.net','0'),
('57','Kaelyn','Schneider','lshanahan@example.org','183'),
('58','Breanna','Terry','eschimmel@example.net','828289'),
('59','Keith','Bins','francesca.zieme@example.org','0'),
('60','Lenore','Nicolas','nschaefer@example.com','47'),
('61','Mavis','O\'Keefe','vnitzsche@example.com','0'),
('62','Sallie','Frami','von.durward@example.com','18'),
('63','Frederic','Reynolds','west.jamarcus@example.com','193982'),
('64','Sidney','Crona','vhand@example.net','0'),
('65','Alanis','Moore','bode.jerod@example.org','56'),
('66','Gordon','Halvorson','eduardo.dibbert@example.net','302'),
('67','Odell','Bednar','brandon.bergstrom@example.net','1998719776'),
('68','Geovanni','Boyer','hassie62@example.net','28'),
('69','Geovanny','Wiegand','bosco.bartholome@example.net','0'),
('70','Michale','Schaefer','reichel.precious@example.com','225481'),
('71','Dale','Reinger','kaleb.hirthe@example.net','1'),
('72','Lucienne','Hermann','jan.hand@example.net','1269850322'),
('73','Maxime','Green','harold19@example.net','679000'),
('74','Elfrieda','O\'Conner','dosinski@example.net','1850947000'),
('75','Kenya','Cruickshank','bradtke.agustin@example.net','1'),
('76','Jennifer','Rowe','angie19@example.net','1'),
('77','Aidan','Feeney','carmel27@example.net','1'),
('78','Cyril','Goldner','dietrich.opal@example.net','0'),
('79','Garnet','Wintheiser','schroeder.macy@example.org','234'),
('80','Amelie','Williamson','fziemann@example.org','24'),
('81','Andrew','Wisozk','jesse40@example.net','0'),
('82','Tate','Weimann','iwalsh@example.com','857368'),
('83','Macie','Wolf','lshields@example.com','1'),
('84','Briana','Ullrich','maude66@example.org','6291078744'),
('85','Chasity','Feeney','jasen55@example.net','0'),
('86','Laverne','Kunde','lulu.ortiz@example.com','1'),
('87','Lane','Welch','adaline.schuster@example.com','6781441298'),
('88','Elizabeth','Goldner','mosciski.aaron@example.org','1'),
('89','Vivienne','Crona','don38@example.com','537372'),
('90','Jordane','Bednar','jazmyne20@example.com','426592'),
('91','Elenor','Swaniawski','kiel88@example.org','176662'),
('92','Abraham','O\'Connell','hstark@example.com','574'),
('93','Romaine','Nienow','bennie.mcclure@example.com','648'),
('94','Omer','Heaney','mozelle48@example.net','19'),
('95','Jacky','O\'Hara','zfeest@example.org','2941997071'),
('96','Bertrand','Wehner','larson.wade@example.net','922'),
('97','Eudora','Kuhic','mazie19@example.net','693'),
('98','Luz','Harvey','vrolfson@example.org','816548'),
('99','Russ','Auer','dameon67@example.org','985371'),
('100','Alysa','Zieme','whitney.ledner@example.org','0'); 


DROP TABLE IF EXISTS `wall`;
CREATE TABLE `wall` (
  `id` bigint(20) unsigned NOT NULL AUTO_INCREMENT,
  `user_id` bigint(20) unsigned NOT NULL,
  `wall_text` text COLLATE utf8_unicode_ci NOT NULL,
  `wall_pic_id` bigint(20) unsigned DEFAULT NULL,
  `created_at` datetime DEFAULT current_timestamp(),
  `updated_at` datetime DEFAULT current_timestamp() ON UPDATE current_timestamp(),
  PRIMARY KEY (`id`),
  KEY `user_id` (`user_id`),
  CONSTRAINT `wall_ibfk_1` FOREIGN KEY (`user_id`) REFERENCES `users` (`id`) ON DELETE CASCADE
) ENGINE=InnoDB AUTO_INCREMENT=101 DEFAULT CHARSET=utf8 COLLATE=utf8_unicode_ci;

INSERT INTO `wall` VALUES ('1','22','Et adipisci libero sint consectetur recusandae. Velit ex similique aspernatur omnis. Placeat et ipsa saepe tenetur sint eos magnam veniam. Deserunt et eveniet eaque vel alias delectus molestias sunt.','8474826552','2010-05-19 11:13:03','1975-10-06 06:37:42'),
('2','44','Qui et commodi odit facere totam. Magni tempore voluptates qui unde sit dolorem. Tempora quo voluptas voluptas excepturi rerum. Et qui et laudantium sit magnam.','6619009424','2000-12-01 03:57:08','2018-12-31 21:03:59'),
('3','84','Aspernatur ex officia cum occaecati. Nam recusandae voluptas earum iure quae. Autem quas et earum accusamus tempora optio fugiat.','8870644995','1999-08-03 09:27:29','1995-11-07 06:12:31'),
('4','59','Et deserunt accusantium atque ex velit. Placeat labore nisi saepe dignissimos. Ad deleniti consequuntur fugiat sed.','9050423095','1985-07-02 18:30:44','2016-08-22 14:59:26'),
('5','45','Recusandae animi officia minus. Corporis harum officiis soluta expedita laboriosam a excepturi. Voluptas quaerat sit molestiae occaecati. Quaerat qui sunt omnis sequi.','1003022884','1971-08-29 21:12:45','2005-04-16 13:40:08'),
('6','16','Sint quaerat illum quia minima vel eligendi nulla. Recusandae voluptatum dolor qui qui dolores. Blanditiis ipsum quos reprehenderit. Sunt culpa laborum molestias saepe quae perspiciatis.','1452120615','1980-01-02 06:59:23','1986-07-11 11:50:54'),
('7','74','Reprehenderit sint in ea nihil. Ratione qui quasi iure quis hic velit voluptatem.','2450795624','1977-01-28 05:11:06','1970-12-02 11:05:27'),
('8','14','Perferendis enim vel quas vitae. Ut velit molestias ducimus nobis. Quia et est ea ut consequatur placeat quisquam.','2634569049','1980-09-08 06:23:13','2005-08-23 21:48:35'),
('9','9','Veniam necessitatibus doloribus ea reprehenderit. Quis facilis nihil molestiae alias rerum. Autem excepturi ipsam vel omnis.','8832235548','1987-04-28 05:42:26','1979-10-27 13:53:22'),
('10','100','Sit enim praesentium error dolorem dolorem. Rem nulla sapiente possimus quam error. Iure quaerat rerum officiis eius voluptatibus optio. Ut voluptatem voluptatem commodi eum cumque.','1887661298','1975-09-18 17:06:11','2020-02-22 17:19:56'),
('11','1','Non harum sit sequi cumque. Officiis eos tenetur maiores voluptatem ut itaque. Commodi qui omnis sed quis aut unde.','5599218116','2018-01-05 18:33:07','2014-08-13 10:23:30'),
('12','13','Natus ratione consequatur molestias quibusdam ipsa reprehenderit. Rerum iste quia dolor sint ut voluptatem. Quia quia est quia asperiores pariatur quis fuga.','422656147','1981-06-23 14:28:58','1977-05-12 08:54:05'),
('13','83','Illo itaque hic consequatur qui est neque maxime. Fugiat voluptatem ut dolores aut eligendi. Perferendis veritatis ad nisi voluptatum ut sapiente.','7333742205','1982-12-25 16:40:12','2013-03-07 12:16:37'),
('14','43','Consequatur tempora eum sed velit pariatur ducimus. Sed qui totam odio nemo quis et. Et aliquam quidem quis voluptatum. Cumque eius et nostrum ipsum.','80585082','2004-09-04 12:09:41','1990-10-11 22:38:29'),
('15','25','Qui dignissimos atque dicta. Magnam omnis nostrum temporibus at mollitia. Aspernatur quasi corrupti reprehenderit mollitia vero aliquam.','3339494073','1993-10-16 21:37:00','2008-10-04 00:11:51'),
('16','96','Eaque consequatur similique rerum dolore laboriosam vitae. Unde possimus et ut. Omnis libero magni necessitatibus distinctio magnam hic. Vel eveniet dolorem adipisci numquam totam tempore.','9053070830','2017-09-02 08:46:46','2010-07-01 09:52:05'),
('17','19','Et sed tempora ut natus ipsa. Occaecati nemo non perferendis minima non id sequi.','314799372','1995-06-03 05:46:35','1992-11-21 03:58:46'),
('18','90','Distinctio nisi quibusdam delectus incidunt necessitatibus tempore. Ut quod dolor molestias quia laborum facere. Eaque autem explicabo nemo unde.','7576418561','1987-10-07 18:58:45','2012-09-09 12:15:05'),
('19','99','Cumque architecto quia iure deserunt. Porro rerum inventore veritatis et blanditiis omnis magnam. Et dolores et excepturi.','8845517366','1996-10-07 06:38:52','1981-05-23 11:50:18'),
('20','76','Error et vitae blanditiis. Nisi porro est cum fugiat neque est. Aliquam saepe est voluptatibus enim rem dolores reiciendis.','765687473','2018-05-20 18:57:57','1997-09-26 16:15:08'),
('21','94','Vel incidunt excepturi deserunt aut necessitatibus. Similique autem non qui voluptates.','3965599723','2006-06-10 05:06:18','2003-03-01 05:17:24'),
('22','45','Labore voluptas a et ducimus tempore. Voluptatem sed illo odio qui fugit aut eos autem. Dolorum architecto deleniti reprehenderit nisi assumenda inventore et. Qui sunt et sunt maxime.','6566573033','1999-07-14 19:58:00','1995-03-28 04:47:27'),
('23','56','Laborum eveniet aut molestias soluta placeat deserunt quia est. Veniam ullam porro incidunt mollitia. Saepe iusto voluptates dolore est ut voluptas. Neque sed consequatur ut itaque.','7020292462','2020-05-13 11:23:37','2019-06-23 14:03:38'),
('24','74','Reprehenderit omnis dolor iusto debitis. Sequi est natus maxime. Nulla aliquam quo enim est.','754028162','1973-09-23 17:38:22','2002-11-14 00:25:38'),
('25','73','Molestias dolores qui tempore eos quas vel et. Aspernatur illo fuga eaque omnis. Expedita explicabo accusantium vel a maxime voluptate quos temporibus.','1975831084','1987-09-26 01:51:33','2017-01-17 07:24:49'),
('26','44','Impedit aperiam temporibus qui ullam eveniet ut nesciunt. Dolorem eveniet atque cumque sapiente. Ipsum voluptatem id quas atque placeat quibusdam.','420350405','1983-04-18 14:00:43','1988-02-10 13:55:21'),
('27','79','Architecto at necessitatibus sapiente fuga. Ad molestiae maxime temporibus et. Velit officiis quia architecto.','3040514995','1993-09-12 01:08:19','1973-04-11 03:54:55'),
('28','78','Ipsa officia nihil temporibus et voluptatem. Et repellendus quidem adipisci debitis officia quia accusamus. Ab sit at fugiat. Et quasi sint saepe sunt et dolorem officia voluptate.','6953129727','1973-09-10 22:12:41','1974-10-05 13:16:22'),
('29','56','Ullam nam voluptas quisquam tempora adipisci ipsum repellendus. Accusamus numquam repellat illo quod corrupti.','7402638600','2007-01-31 00:19:17','1983-09-05 23:57:29'),
('30','20','Ab est et aspernatur est debitis in. Aspernatur provident voluptas aliquid magni qui. Beatae qui earum animi et illo facilis dolorem. Magnam velit recusandae reiciendis laborum.','8067940651','1987-08-04 22:00:18','1976-08-14 22:27:21'),
('31','89','Deleniti at perferendis et consequatur ea aliquam. Quo molestias eius qui voluptas. Numquam sit est illum occaecati dignissimos est ex ad. Et quod debitis sed quidem totam vel id.','3625133074','2011-04-22 15:13:06','1970-11-01 18:48:48'),
('32','77','Repudiandae ipsum rerum id animi sapiente placeat et. Fuga repellat facilis quis ipsam ab corrupti fugiat soluta. Et nam laborum labore et accusamus fugit.','2015781011','2011-10-23 15:25:16','1982-11-10 09:23:54'),
('33','63','Aut error molestias accusantium quasi consequatur corrupti. Voluptas quas consequatur cupiditate sint autem distinctio sint. Atque recusandae ex nostrum architecto sed.','7995179586','2012-12-01 21:56:10','2000-12-31 04:05:40'),
('34','73','Quidem natus quia harum nobis nulla eum. Quia pariatur sunt omnis excepturi. Consequuntur qui voluptatem quis aut.','3212302479','2008-12-24 17:50:08','1973-05-27 19:06:21'),
('35','36','Sed enim temporibus consequatur non enim sed rerum. Adipisci possimus laborum ut velit rem ipsum. Consequatur et amet molestiae quia aut. Deleniti nesciunt sunt id consequatur delectus.','4197929184','1997-09-03 19:19:38','1989-10-17 07:42:39'),
('36','8','Qui provident et quisquam at enim accusantium tempore. Soluta qui maiores mollitia officiis. Error ullam voluptates qui aperiam.','931687177','2020-01-13 06:26:19','2002-08-31 01:39:45'),
('37','88','Expedita quibusdam rerum fugit reiciendis omnis. Qui unde dicta sequi repellendus modi. Sunt impedit molestiae deleniti corporis aut. Deleniti ut rerum nihil aut eum non et.','9673143885','2016-02-14 18:53:00','2015-08-27 04:48:08'),
('38','9','Ut ullam veniam nihil porro. Quam voluptatem unde eum officiis accusamus. Praesentium ut eaque libero sit dolor minus voluptate.','7392409818','1984-07-29 00:45:45','1980-11-25 21:58:13'),
('39','22','Ex ut explicabo quia cupiditate. Reiciendis delectus quo consectetur aut aperiam quo. Hic iusto laboriosam esse est.','3996340596','1975-03-01 08:25:54','1982-09-02 02:59:52'),
('40','96','Et ratione sint esse est culpa non impedit. Eum aut quis eos praesentium neque ex illum. Ipsum officiis non cum excepturi officia. Deleniti maiores similique qui blanditiis id.','1421691978','1993-10-06 04:35:56','2013-09-15 02:16:57'),
('41','9','Est praesentium provident incidunt eaque a consectetur. Ut quibusdam ea sunt omnis quo dolor. Quod corrupti modi odio. Sit harum excepturi laboriosam.','1487886653','1976-07-24 02:30:40','1993-01-02 00:37:28'),
('42','22','Vero omnis consectetur sint doloribus similique. Ullam voluptates facere nam officiis molestiae natus et. Voluptatibus accusantium maiores dolorum deserunt quia.','4432626069','2015-08-19 18:09:48','1978-08-30 06:01:17'),
('43','8','Porro et soluta enim asperiores. Facere accusamus recusandae qui et voluptatem. Quod tempora autem consectetur et et quae placeat.','2224636869','1986-08-05 06:02:03','1976-07-13 08:51:36'),
('44','92','Dolorum enim dicta quam non sequi. Voluptas perferendis iusto dignissimos distinctio omnis molestias magnam earum. Aut rerum quo et fugit ea. Voluptatum aut atque reprehenderit nam.','8446170000','2001-01-18 21:59:26','2007-02-09 07:47:56'),
('45','65','Non dolorem ullam cumque officiis assumenda. Temporibus aut ratione nihil maxime illum quia. Mollitia corporis a ullam et et. Ut et iste eos nobis dolore dolores.','3740153534','2017-07-30 19:43:11','2019-08-14 18:16:22'),
('46','32','Veniam deserunt optio laudantium et ab impedit. Eveniet nesciunt vitae a animi expedita. Cum facilis rem quod quia. Quos corporis assumenda ipsa minima quis dolor voluptatibus.','2267170967','2004-01-06 08:26:22','2010-01-24 01:58:58'),
('47','88','Sunt maiores deserunt similique debitis. Aut quod sed labore qui provident dolor.','9722649175','1983-07-03 12:23:53','1993-04-02 03:20:40'),
('48','83','Aut repellendus deleniti quas. Aut deserunt unde eveniet iusto delectus tenetur asperiores. Illo iste consequuntur inventore optio enim temporibus laudantium provident.','5766456284','1989-03-22 09:56:32','1984-11-21 17:15:02'),
('49','22','Ipsa quia labore ad dolorum et. Atque quis et et vero. Esse id autem sint aut a tempore aut.','1031144702','1978-06-04 03:44:32','1975-11-07 14:40:20'),
('50','86','Rem ea reprehenderit temporibus ad nobis enim reprehenderit. Ut et delectus vel consequuntur autem cupiditate dicta. Vel ut culpa nemo quisquam dicta.','4311960929','2010-06-15 12:24:45','1975-10-21 02:17:51'),
('51','58','Enim laudantium optio voluptas vero aut sed sequi. Est similique autem est magni ullam. Ut expedita temporibus ullam totam. Consequuntur non dolorum quis consequatur.','7562374456','2014-11-09 02:13:54','1989-03-01 09:07:38'),
('52','15','Voluptate quia suscipit distinctio placeat ea minus in. Tenetur error est iusto commodi suscipit nobis. Voluptas quia dolorum ratione dolorem sequi ipsa.','425820212','1987-12-22 08:46:15','1976-08-05 22:39:05'),
('53','31','Voluptatem itaque possimus ut recusandae aut suscipit. Culpa nostrum sint voluptatem autem quo repellat. Quia magnam minima dolor aut quos ullam fuga eligendi.','7309031191','2014-09-16 22:50:41','1996-06-01 14:28:54'),
('54','14','Et beatae aut aut fugit aspernatur et. Maiores quo reprehenderit eum et veniam ipsa eius. Autem odit quos totam.','354406594','1982-04-02 07:34:03','1983-01-31 12:23:27'),
('55','88','Fugit eius nihil dolore velit. Minus quibusdam consequatur a. Consequatur doloribus voluptate minima. Sunt impedit enim itaque consequuntur ratione omnis in.','4679640334','1997-06-24 12:08:01','2008-12-13 19:31:17'),
('56','3','Dignissimos recusandae sed placeat laudantium. Incidunt blanditiis dicta doloremque consectetur et a ratione. Nihil sint aut quaerat nam. Quis similique aperiam fugiat laudantium.','8646056216','2012-12-07 15:33:13','1995-07-25 07:47:15'),
('57','58','Quae facilis autem adipisci dolor dignissimos. Odio vero accusantium reiciendis expedita. Saepe harum porro facere commodi aut. Voluptas voluptatem dolorum ducimus voluptas enim natus eum.','8532104891','1972-09-12 05:03:23','1974-08-11 01:39:01'),
('58','67','Et suscipit quia ut. Nobis qui consequatur ut voluptate est voluptas. Ut sequi repudiandae libero sapiente vel et qui est.','2245413879','2005-04-26 06:54:58','1972-09-16 22:53:46'),
('59','81','Minima veniam expedita reiciendis dolore sit maxime. Doloribus molestias sunt deserunt accusamus adipisci. Veritatis est quidem consequuntur enim deserunt reprehenderit.','8234426825','1981-03-06 06:46:08','1988-12-26 22:15:13'),
('60','13','Aut hic odit non dolorem aut quisquam. Et debitis rem sunt aspernatur impedit saepe. In nisi pariatur eaque animi. Reiciendis cupiditate qui sit et numquam quia.','2675655846','1989-02-27 21:15:53','1977-04-14 14:38:27'),
('61','86','Consequuntur incidunt sed quod veritatis. Rerum eveniet nobis saepe doloribus ut laboriosam. Non voluptas quos laboriosam et dolore. Velit iure eum at assumenda corrupti et.','1859582577','2005-06-19 01:06:51','1973-05-25 04:17:09'),
('62','70','Similique natus eveniet ut et. Sed quisquam aut laboriosam et omnis.','5451951918','2012-08-26 05:15:32','2016-02-24 10:28:02'),
('63','90','Totam aut molestias sit non officia omnis. Modi odit est non quod et.','4028711273','2020-01-06 19:19:09','2003-10-08 05:32:34'),
('64','49','Autem est ea repellat libero. Dignissimos accusantium quia minus aut est.','1064566412','1987-11-09 19:22:07','1978-01-12 12:34:39'),
('65','42','In eum qui qui dicta omnis et sunt. Nulla necessitatibus ad provident rerum minima nihil. Veritatis quos accusantium nihil cumque officiis minus consequatur.','2877742447','2015-12-06 22:28:30','1998-08-01 01:21:23'),
('66','26','Veritatis architecto et voluptatem. Repellat sequi quis voluptatem architecto. Itaque molestias nesciunt soluta unde sit aut.','3967207057','2007-12-25 01:17:17','2018-10-27 15:47:29'),
('67','57','Nulla illum molestias quasi inventore doloribus qui cupiditate aliquam. Saepe aperiam voluptatem occaecati consectetur. Voluptas iste velit nobis nesciunt omnis quas.','6221645560','2001-09-23 19:05:13','2010-02-13 21:18:09'),
('68','30','Quam iusto velit dolor voluptatem autem. Cupiditate hic facere et excepturi sint. Et debitis nesciunt quia ad et totam.','8998936866','1990-11-01 15:42:11','1987-03-12 22:27:04'),
('69','35','Odio et alias itaque. Non quia eligendi sed ut cumque accusantium est. Iste nemo dignissimos eaque quasi.','2901954214','1974-12-14 02:09:15','1988-04-12 11:44:29'),
('70','78','Autem quae qui non est quos nihil consequatur. Provident explicabo asperiores quam omnis quia ea. Ipsam in quasi distinctio explicabo id.','5704621779','2002-04-10 20:42:35','1997-10-14 09:45:16'),
('71','25','Minima consequatur quidem rem sit. Doloremque ab et occaecati qui et. Nemo porro ab et aut delectus optio repellendus. Debitis fugit aut aliquid.','6671913972','1980-03-13 20:35:46','1972-05-17 04:54:06'),
('72','43','Quis repudiandae ipsum corrupti facilis. Est quo blanditiis eos aut dolor facere. Quae eaque nihil deleniti saepe placeat quia deserunt commodi. Dignissimos et eaque illo.','547269154','2014-02-26 20:07:50','2002-07-14 02:56:07'),
('73','100','Maxime fugit quam non maxime ad omnis. Praesentium id tenetur ratione ut ratione sed. Velit molestiae non quasi ullam et ipsa sint sequi. Unde eum consectetur illum enim qui suscipit.','8340341162','1999-07-07 15:21:44','2017-04-15 23:10:35'),
('74','33','Quas incidunt consequuntur doloremque. Cupiditate doloremque et debitis voluptate nobis.','7644436493','1977-11-28 07:55:54','2018-03-04 23:35:34'),
('75','35','Illo est impedit at similique dolorem. Quo asperiores porro sit quidem dolore. Ipsam labore aspernatur ut veritatis. Repellat eaque nulla id neque possimus.','3422101016','1979-08-11 20:20:35','2003-05-26 22:11:16'),
('76','64','Ex quisquam nihil voluptatem. Possimus dolorem voluptate aliquam at soluta.','5753462829','2019-09-06 04:03:58','2004-03-07 03:36:35'),
('77','65','Occaecati non fuga quia recusandae officiis possimus odit possimus. Aspernatur et ea delectus. Sunt atque culpa rerum molestiae eos rerum. Architecto quisquam explicabo voluptatem sint.','7892754829','1986-11-30 12:48:45','2011-12-19 03:36:37'),
('78','22','Dolore excepturi quidem consequuntur magnam sit. Adipisci ut et cupiditate ea recusandae illo. Nesciunt vitae culpa repellendus illo quis.','7840919826','2014-12-04 05:34:25','1990-04-30 15:08:37'),
('79','46','Labore facere expedita rem vel cum. Expedita non illum et omnis. Dicta sed eum est eaque mollitia.','7317490620','1982-12-14 15:39:40','1985-12-09 12:46:00'),
('80','86','Quaerat non aut voluptatum eum vel adipisci. Sapiente nesciunt modi iure illum quas velit officiis. Qui officiis autem velit accusantium labore.','677103180','1986-03-03 15:06:18','2009-02-05 18:45:04'),
('81','8','Quidem assumenda esse minima adipisci. Eius minima quo eligendi amet nemo. Sit cumque corporis nemo officiis. Neque molestiae ullam nihil. Voluptas et qui voluptatem optio.','8175199087','2002-04-15 05:10:01','2014-09-17 03:11:05'),
('82','3','Vitae ducimus nostrum voluptatem labore et ratione necessitatibus. Et veritatis ut laboriosam iure. Aut itaque magni error maxime voluptatem optio.','6875052490','2011-11-07 18:38:44','2017-03-15 03:25:59'),
('83','100','Alias quod est magnam illum suscipit. Eos repudiandae a totam id officiis repellat amet. Sed quo ut rerum quia quas. Repudiandae debitis iusto cupiditate culpa iure possimus adipisci.','2803751212','1997-08-30 18:20:46','1977-03-04 05:06:34'),
('84','38','Nihil assumenda asperiores consequuntur eum id sunt. Animi distinctio maxime dolore nam non. Ducimus deserunt cumque placeat reiciendis.','6207611777','1998-04-16 22:22:21','1974-07-18 04:39:53'),
('85','17','Sunt placeat vel eos nam eius modi adipisci. Quasi nam et accusamus dolor sapiente id. Ipsam harum et tenetur et explicabo.','9942453895','2000-04-05 12:59:58','1999-09-26 19:24:35'),
('86','88','Minus accusantium consectetur autem similique necessitatibus. Qui esse saepe eligendi facere ad quidem. A asperiores eveniet velit velit fugiat deleniti dolor.','3618175348','1973-08-19 17:49:15','2002-10-18 21:42:36'),
('87','41','Voluptas modi vitae dignissimos sint sit soluta expedita. Modi rerum ipsum ducimus consequuntur iusto. Nisi illo quia aspernatur.','4893720403','1993-05-30 15:40:47','1992-06-19 03:32:28'),
('88','74','Dolor doloremque sed molestias voluptatem. Voluptatum doloremque illum porro qui ut recusandae harum. Dolor sint odio reiciendis cumque. Rerum quaerat nihil delectus ut fuga nisi similique.','8967815362','1994-06-15 07:06:51','2003-10-12 04:54:06'),
('89','54','Hic ipsam mollitia nobis et sunt amet. Eaque velit libero autem eos. Velit occaecati autem pariatur vitae sit harum eaque.','6696939126','2000-06-23 13:29:32','1973-07-03 03:56:06'),
('90','21','Error beatae odit voluptatibus et ipsa aut. Sint quia est est fugit voluptates. Enim suscipit corporis sunt earum autem quia voluptas minima.','9803277817','1989-01-07 03:29:50','2013-10-13 08:51:08'),
('91','86','Dolor tempora nesciunt ipsam aut libero distinctio. Quia repellat quaerat ut pariatur ut quis laudantium eos. Dolorem et pariatur error quia sequi. Iste quae laudantium ea sed rem veniam molestiae.','2781001249','1970-07-11 14:53:49','2000-07-13 05:51:32'),
('92','40','Aperiam provident illo ut incidunt et. Et qui ut aut earum. Quidem aut voluptatem placeat est.','1942534235','2019-09-19 21:33:57','2009-06-24 08:03:16'),
('93','91','Ipsam dignissimos ipsum atque laudantium atque. Hic iste unde quibusdam repellat eveniet dolores. Id repellendus omnis earum. Facere iusto consequatur adipisci aut consequatur mollitia ipsa.','5967366664','2011-09-13 07:07:49','1997-02-01 10:34:00'),
('94','76','Consequatur minima rerum voluptatem nostrum voluptatibus. Aut sunt est incidunt quasi iste id. Soluta qui quod tempora assumenda.','7594433622','1992-04-24 13:35:14','1984-12-04 03:59:54'),
('95','89','Asperiores odit exercitationem ratione et perspiciatis. Impedit accusamus dolorem quos hic error consequatur aperiam. Eaque a ex ut et quae id ut. Occaecati qui nihil sapiente qui.','1360712581','1998-02-10 14:02:36','2002-01-17 19:06:44'),
('96','32','Nam sequi quis consequatur rerum. Ex qui nemo aliquid. Rerum in soluta sint aut impedit. Quos corporis occaecati omnis ad rem cumque quis id.','3548716918','2019-04-13 07:00:29','1997-08-27 17:59:57'),
('97','1','Magnam pariatur et culpa dolore enim non. Corporis omnis expedita nulla aspernatur vitae aut quos. Magnam nobis commodi ratione possimus at laudantium. Et id quis est. Vero et nihil ea id animi.','173793107','1973-10-18 17:42:52','1998-09-19 14:12:24'),
('98','45','Est et animi et ex quo qui ducimus. Voluptate qui veniam est doloribus eum consequuntur. Voluptas numquam maiores et necessitatibus at velit pariatur.','13877283','2019-11-11 09:04:56','2004-12-17 04:09:16'),
('99','62','Cupiditate ea iste dolore veritatis sint labore voluptas sint. Qui qui non corporis sit id sed nam. Velit aspernatur incidunt dolores.','9483759655','2010-01-06 10:50:19','1980-06-19 12:46:49'),
('100','36','Est esse sunt ratione doloribus. Adipisci deleniti adipisci ut ut dolorem. Quo dolor facilis molestiae soluta ducimus minima distinctio.','7321758579','2012-03-28 05:38:13','2006-04-08 23:36:04'); 




/*!40101 SET SQL_MODE=@OLD_SQL_MODE */;
/*!40014 SET FOREIGN_KEY_CHECKS=@OLD_FOREIGN_KEY_CHECKS */;
/*!40014 SET UNIQUE_CHECKS=@OLD_UNIQUE_CHECKS */;
/*!40101 SET CHARACTER_SET_CLIENT=@OLD_CHARACTER_SET_CLIENT */;
/*!40101 SET CHARACTER_SET_RESULTS=@OLD_CHARACTER_SET_RESULTS */;
/*!40101 SET COLLATION_CONNECTION=@OLD_COLLATION_CONNECTION */;
/*!40111 SET SQL_NOTES=@OLD_SQL_NOTES */;

