-- Generation time: Mon, 01 Jun 2020 11:34:49 +0000
-- Host: mysql.hostinger.ro
-- DB name: u574849695_22
/*!40030 SET NAMES UTF8 */;
/*!40101 SET @OLD_CHARACTER_SET_CLIENT=@@CHARACTER_SET_CLIENT */;
/*!40101 SET @OLD_CHARACTER_SET_RESULTS=@@CHARACTER_SET_RESULTS */;
/*!40101 SET @OLD_COLLATION_CONNECTION=@@COLLATION_CONNECTION */;
/*!40103 SET @OLD_TIME_ZONE=@@TIME_ZONE */;
/*!40103 SET TIME_ZONE='+00:00' */;
/*!40014 SET @OLD_UNIQUE_CHECKS=@@UNIQUE_CHECKS, UNIQUE_CHECKS=0 */;
/*!40014 SET @OLD_FOREIGN_KEY_CHECKS=@@FOREIGN_KEY_CHECKS, FOREIGN_KEY_CHECKS=0 */;
/*!40101 SET @OLD_SQL_MODE=@@SQL_MODE, SQL_MODE='NO_AUTO_VALUE_ON_ZERO' */;
/*!40111 SET @OLD_SQL_NOTES=@@SQL_NOTES, SQL_NOTES=0 */;

DROP TABLE IF EXISTS `friend_requests`;
CREATE TABLE `friend_requests` (
  `initiator_user_id` bigint(20) unsigned NOT NULL,
  `target_user_id` bigint(20) unsigned NOT NULL,
  `status` enum('requested','approved','unfriended','declined') COLLATE utf8_unicode_ci DEFAULT NULL,
  `requested_at` datetime DEFAULT current_timestamp(),
  `confirmed_at` datetime DEFAULT NULL,
  PRIMARY KEY (`initiator_user_id`,`target_user_id`),
  KEY `initiator_user_id` (`initiator_user_id`),
  KEY `target_user_id` (`target_user_id`),
  CONSTRAINT `friend_requests_ibfk_1` FOREIGN KEY (`initiator_user_id`) REFERENCES `users` (`id`),
  CONSTRAINT `friend_requests_ibfk_2` FOREIGN KEY (`target_user_id`) REFERENCES `users` (`id`)
) ENGINE=InnoDB DEFAULT CHARSET=utf8 COLLATE=utf8_unicode_ci;

INSERT INTO `friend_requests` VALUES ('1','72','declined','1987-02-21 16:59:30','2001-02-14 13:01:59'),
('4','61','unfriended','1986-10-21 07:31:55','2017-12-07 17:41:41'),
('5','73','approved','2004-10-17 19:25:20','2010-06-07 04:08:03'),
('7','5','unfriended','1971-01-24 22:02:38','1985-09-19 17:39:50'),
('10','79','declined','2015-05-03 17:50:25','2004-03-23 06:28:08'),
('11','20','declined','1975-10-15 04:35:54','2005-12-09 08:58:43'),
('11','94','unfriended','2008-07-12 00:23:13','1973-03-19 23:40:58'),
('14','41','unfriended','2002-05-13 14:12:12','1994-03-20 20:17:05'),
('15','22','unfriended','1991-09-02 04:28:59','2019-09-21 20:41:24'),
('15','59','unfriended','1995-08-15 11:33:44','1998-10-05 05:51:29'),
('15','65','unfriended','1999-03-01 02:51:39','2001-04-04 01:30:22'),
('15','72','approved','1980-08-20 01:58:38','1994-07-23 14:52:22'),
('16','42','approved','2014-03-04 15:56:58','2013-08-09 18:52:13'),
('17','91','requested','2005-02-18 12:27:44','2000-10-01 11:25:09'),
('18','92','declined','1972-06-30 03:47:25','2004-07-12 17:56:01'),
('18','98','approved','2009-06-19 19:25:34','1993-04-29 20:22:26'),
('19','69','requested','2007-07-07 05:03:54','2004-11-29 04:58:01'),
('20','51','approved','1983-05-27 09:09:49','1987-07-29 20:31:07'),
('20','57','requested','2000-09-21 18:09:22','2010-02-18 20:26:55'),
('23','68','declined','1994-02-14 09:47:32','2002-01-27 14:54:12'),
('23','91','requested','2011-03-28 12:15:49','2013-03-02 20:56:15'),
('24','53','declined','2002-10-09 07:37:37','1979-08-25 05:05:37'),
('26','58','requested','1977-05-08 03:23:41','1992-05-06 06:24:18'),
('26','69','requested','2004-10-25 06:58:24','2008-02-02 04:14:59'),
('26','75','unfriended','1993-11-11 21:41:11','1973-05-04 10:04:39'),
('26','100','requested','1975-09-29 16:03:34','1981-05-22 18:44:22'),
('27','12','declined','1971-04-22 17:35:01','1999-03-18 05:11:48'),
('27','38','approved','1993-01-05 00:29:26','2018-02-22 08:20:37'),
('27','96','approved','2018-01-18 21:34:55','2012-12-09 03:45:46'),
('28','17','declined','2014-09-04 12:21:04','1984-03-28 12:07:25'),
('28','36','declined','2002-09-19 02:18:29','1979-08-01 02:01:15'),
('29','85','approved','1972-10-24 03:56:57','2010-05-21 00:27:22'),
('31','24','requested','2004-04-03 18:42:14','2009-12-01 23:33:06'),
('32','21','approved','1992-02-11 04:21:14','2018-03-28 05:27:52'),
('32','73','requested','2009-04-07 04:36:53','1980-06-11 18:00:57'),
('32','82','approved','1976-12-30 13:00:17','1972-01-17 07:09:36'),
('32','98','declined','1994-08-27 06:27:24','1981-10-06 16:33:02'),
('33','31','requested','1995-05-20 04:05:43','2015-12-02 03:03:18'),
('33','33','unfriended','2012-11-11 07:25:50','2004-03-22 12:47:42'),
('34','57','requested','1985-03-15 15:25:22','2006-06-28 14:05:27'),
('35','17','declined','2017-08-05 09:19:25','1970-11-30 03:52:48'),
('37','21','requested','1983-10-20 01:53:59','2019-07-03 05:04:59'),
('37','74','requested','2014-08-21 09:27:02','1996-04-06 15:12:59'),
('38','49','declined','1978-06-23 12:07:27','1983-05-13 00:10:14'),
('40','69','declined','2009-02-05 16:42:00','1993-04-27 00:26:25'),
('40','70','unfriended','2017-03-02 16:08:13','2004-05-30 01:25:38'),
('41','10','requested','1991-11-16 07:36:12','1994-03-02 04:54:09'),
('41','78','unfriended','2015-11-04 11:17:56','1992-07-03 17:01:10'),
('42','4','requested','1984-04-20 02:16:57','1996-01-01 01:11:02'),
('42','55','declined','1992-01-26 16:13:09','1973-08-24 14:27:51'),
('43','98','approved','1976-02-10 13:45:01','2012-12-16 00:06:43'),
('44','27','unfriended','2013-05-17 16:22:57','2001-05-28 12:27:50'),
('46','48','approved','2013-08-01 20:22:32','1981-05-13 22:01:23'),
('47','44','declined','1999-12-19 01:16:44','1977-11-08 02:07:24'),
('48','18','requested','1994-05-21 03:46:26','2005-10-22 18:57:47'),
('48','78','declined','1999-08-05 14:49:12','2017-03-22 20:13:26'),
('48','90','declined','2001-05-30 13:29:40','2006-07-27 05:03:37'),
('51','13','approved','1989-01-26 04:56:13','2018-05-06 18:05:29'),
('51','50','unfriended','2012-10-17 06:55:08','1973-04-02 05:16:33'),
('51','90','approved','1979-06-06 22:07:37','1976-07-07 09:56:40'),
('52','18','declined','1980-06-12 06:37:58','1984-10-19 01:43:39'),
('52','33','unfriended','2000-08-21 10:53:45','2013-03-09 01:07:21'),
('52','40','approved','2017-12-26 06:05:48','1973-01-04 01:48:36'),
('53','25','approved','2008-04-18 00:59:36','2008-06-07 17:03:54'),
('56','45','declined','1994-03-25 16:03:02','2015-02-18 15:33:13'),
('56','55','approved','2011-05-04 12:30:57','1985-10-12 02:19:00'),
('56','89','approved','2016-05-27 09:42:15','2001-09-21 20:37:18'),
('57','2','declined','1993-05-14 02:35:01','2018-12-04 08:30:28'),
('58','89','approved','1988-11-17 18:31:28','1990-03-26 05:32:29'),
('59','89','requested','2016-05-06 13:31:29','2006-12-17 23:14:18'),
('61','42','approved','1984-03-17 22:30:30','2011-01-19 08:41:59'),
('61','68','unfriended','2002-08-24 17:49:43','1985-06-10 00:10:20'),
('63','10','approved','2009-08-14 21:20:50','2002-11-24 11:53:30'),
('66','80','approved','1980-12-06 00:16:23','1989-08-24 02:41:32'),
('68','77','approved','1980-12-02 07:48:31','1995-09-30 10:07:10'),
('70','65','declined','2011-03-12 12:57:03','1978-01-03 13:40:37'),
('71','83','declined','2018-08-06 13:58:50','1995-06-27 22:32:54'),
('72','75','approved','1971-05-07 14:17:31','1981-12-13 21:16:37'),
('73','46','requested','2018-05-10 12:01:53','1975-02-05 09:35:28'),
('75','31','declined','2015-06-13 06:03:16','1971-08-10 02:44:27'),
('75','55','unfriended','1980-03-11 17:11:46','2003-02-05 22:47:19'),
('77','33','declined','1971-03-21 00:18:00','1995-09-04 21:26:52'),
('77','71','approved','1995-06-11 03:16:16','1997-05-21 00:34:23'),
('78','11','unfriended','2010-02-08 03:34:36','1989-06-21 02:10:46'),
('82','69','declined','1970-08-16 15:15:46','2000-12-23 10:22:11'),
('83','33','approved','1996-04-02 15:27:27','1995-12-23 18:24:00'),
('85','41','unfriended','1983-02-11 19:46:24','2017-12-30 22:11:15'),
('86','10','unfriended','1983-11-10 22:30:13','2002-08-23 17:32:32'),
('87','76','unfriended','1971-08-28 20:21:34','2007-09-02 04:29:37'),
('90','6','unfriended','2012-04-09 10:22:34','1993-10-12 13:26:46'),
('90','10','unfriended','2003-04-16 22:59:10','1994-04-08 00:28:08'),
('91','9','approved','1992-08-23 13:38:55','2014-02-20 13:57:39'),
('92','49','approved','1995-04-10 07:48:26','1973-11-07 07:36:42'),
('92','59','requested','2000-09-25 03:28:59','1994-01-19 09:37:45'),
('95','69','approved','1979-01-18 13:22:54','2013-05-14 11:43:48'),
('96','75','approved','2006-05-25 11:16:55','2015-01-04 19:22:26'),
('98','64','approved','1972-11-25 03:25:02','1986-11-09 13:36:59'),
('99','30','requested','2017-10-08 02:39:00','1994-01-12 05:22:32'),
('99','74','requested','2019-02-03 02:20:42','1976-02-25 03:17:51'),
('100','26','unfriended','1982-05-19 20:06:09','1983-10-09 12:20:18'); 


DROP TABLE IF EXISTS `likes`;
CREATE TABLE `likes` (
  `id` bigint(20) unsigned NOT NULL AUTO_INCREMENT,
  `user_id` bigint(20) unsigned NOT NULL,
  `media_id` bigint(20) unsigned NOT NULL,
  `created_at` datetime DEFAULT current_timestamp(),
  PRIMARY KEY (`id`)
) ENGINE=InnoDB AUTO_INCREMENT=101 DEFAULT CHARSET=utf8 COLLATE=utf8_unicode_ci;

INSERT INTO `likes` VALUES ('1','26','41','1994-07-09 02:06:00'),
('2','50','81','2001-04-25 19:26:56'),
('3','62','83','2008-02-01 05:28:30'),
('4','100','37','2011-12-01 03:31:57'),
('5','47','43','2007-12-15 17:22:37'),
('6','72','78','1983-02-02 16:37:09'),
('7','43','49','1971-07-17 16:50:10'),
('8','47','75','1992-03-14 04:15:28'),
('9','37','98','1984-02-19 21:42:55'),
('10','58','61','2001-10-05 23:22:21'),
('11','57','95','2000-01-07 09:08:22'),
('12','34','97','1974-04-22 05:57:44'),
('13','61','29','1973-12-07 10:04:26'),
('14','78','51','2008-02-24 06:07:43'),
('15','71','38','1980-06-01 05:58:24'),
('16','51','96','1997-10-18 15:39:40'),
('17','78','100','1990-04-29 20:01:20'),
('18','77','40','2001-08-18 10:23:17'),
('19','82','76','1980-11-23 22:29:29'),
('20','77','28','2013-01-13 16:47:29'),
('21','18','48','2008-07-26 07:50:12'),
('22','6','61','1973-01-16 07:03:53'),
('23','97','53','1996-05-27 13:27:18'),
('24','36','33','2011-04-26 20:35:57'),
('25','50','94','2005-05-31 19:18:06'),
('26','93','6','2016-06-21 17:35:48'),
('27','88','26','1987-03-16 02:33:23'),
('28','3','49','1976-10-18 21:34:20'),
('29','55','81','2012-01-30 14:36:30'),
('30','100','26','1972-11-29 10:36:04'),
('31','18','50','1997-05-18 09:46:25'),
('32','22','95','1982-02-14 19:15:24'),
('33','49','98','2018-02-26 17:34:56'),
('34','35','31','1998-03-02 12:56:23'),
('35','73','11','2014-12-13 00:40:53'),
('36','59','91','1987-05-25 01:17:41'),
('37','59','65','2018-10-18 01:11:07'),
('38','51','55','1994-09-25 13:23:25'),
('39','17','86','1991-05-29 10:35:00'),
('40','87','66','1972-06-30 09:43:03'),
('41','79','80','1990-03-05 12:25:35'),
('42','72','67','1989-01-05 14:31:21'),
('43','5','75','2012-05-31 06:26:51'),
('44','15','60','1986-09-25 23:49:10'),
('45','55','14','1995-09-08 12:02:25'),
('46','86','72','2005-08-04 05:13:51'),
('47','64','7','1989-01-17 21:00:51'),
('48','67','12','2004-05-28 11:47:41'),
('49','4','2','1997-10-01 06:29:10'),
('50','43','77','2007-10-20 15:03:26'),
('51','12','1','2002-04-01 21:00:22'),
('52','67','70','2018-07-30 14:37:58'),
('53','65','18','1980-06-29 21:39:53'),
('54','25','81','2011-03-21 18:28:37'),
('55','3','11','2001-09-25 10:07:40'),
('56','47','82','1996-10-30 23:02:38'),
('57','90','19','2008-06-12 16:51:20'),
('58','48','95','2012-10-24 04:40:43'),
('59','93','63','2017-10-30 18:38:46'),
('60','55','47','1985-11-23 02:52:28'),
('61','76','40','2002-09-22 11:32:35'),
('62','19','39','1971-10-07 16:51:13'),
('63','46','86','2013-01-26 08:11:58'),
('64','51','50','2001-12-11 22:33:41'),
('65','87','93','1990-10-21 03:39:09'),
('66','26','98','2003-11-10 23:22:00'),
('67','94','92','2003-09-09 14:32:16'),
('68','68','59','1985-02-09 10:25:33'),
('69','9','92','1993-11-19 12:55:12'),
('70','40','12','2010-01-05 20:36:19'),
('71','3','86','2012-06-09 22:00:27'),
('72','94','93','1975-10-22 20:03:57'),
('73','5','42','2002-05-27 02:20:29'),
('74','87','97','1995-10-03 14:41:13'),
('75','4','42','1998-05-28 15:16:04'),
('76','44','80','2009-11-20 22:57:40'),
('77','81','63','2009-01-23 07:22:43'),
('78','19','27','2010-03-04 02:22:27'),
('79','48','70','1990-02-18 20:12:02'),
('80','76','34','2016-04-17 00:02:29'),
('81','63','2','2012-05-09 05:28:14'),
('82','32','56','1984-04-25 14:19:19'),
('83','94','99','2001-04-21 06:01:03'),
('84','14','3','1999-10-24 03:21:00'),
('85','91','54','2004-07-29 05:55:26'),
('86','15','94','1981-07-16 02:41:02'),
('87','40','8','1972-05-14 13:44:02'),
('88','86','44','2012-01-19 05:48:28'),
('89','49','73','2019-11-11 16:10:28'),
('90','41','53','2009-10-26 13:48:51'),
('91','14','85','2020-04-14 10:15:45'),
('92','32','95','1999-02-27 08:42:40'),
('93','47','51','2001-01-09 23:44:29'),
('94','22','94','2017-05-07 19:03:33'),
('95','20','97','2004-05-03 02:47:18'),
('96','27','82','1991-05-22 19:26:12'),
('97','99','59','2020-04-01 10:52:30'),
('98','37','92','1986-06-11 23:14:21'),
('99','58','51','1974-04-21 22:21:32'),
('100','95','48','1981-05-05 22:48:20'); 


DROP TABLE IF EXISTS `media`;
CREATE TABLE `media` (
  `id` bigint(20) unsigned NOT NULL AUTO_INCREMENT,
  `media_type_id` bigint(20) unsigned NOT NULL,
  `user_id` bigint(20) unsigned NOT NULL,
  `body` text COLLATE utf8_unicode_ci DEFAULT NULL,
  `filename` varchar(255) COLLATE utf8_unicode_ci DEFAULT NULL,
  `size` int(11) DEFAULT NULL,
  `metadata` longtext CHARACTER SET utf8mb4 COLLATE utf8mb4_bin DEFAULT NULL CHECK (json_valid(`metadata`)),
  `created_at` datetime DEFAULT current_timestamp(),
  `confirmed_at` datetime DEFAULT current_timestamp() ON UPDATE current_timestamp(),
  PRIMARY KEY (`id`),
  KEY `user_id` (`user_id`),
  KEY `media_type_id` (`media_type_id`),
  CONSTRAINT `media_ibfk_1` FOREIGN KEY (`user_id`) REFERENCES `users` (`id`),
  CONSTRAINT `media_ibfk_2` FOREIGN KEY (`media_type_id`) REFERENCES `media_types` (`id`)
) ENGINE=InnoDB AUTO_INCREMENT=101 DEFAULT CHARSET=utf8 COLLATE=utf8_unicode_ci;

INSERT INTO `media` VALUES ('1','5','68','Vero ut quis dicta facilis quia iste architecto. Facere enim ipsum dolor natus molestiae doloribus. Nobis quos sed voluptatem assumenda maxime quos nobis ea. Qui veniam ut velit et iusto illum.','id','1945',NULL,'1981-12-25 09:07:39','1983-12-29 11:59:53'),
('2','3','47','Recusandae optio vel ut. Earum nihil fugit nemo eligendi. Numquam veniam eos qui tempora adipisci sapiente.','odit','1416',NULL,'1971-12-07 00:27:37','2009-01-22 02:20:12'),
('3','3','98','Id explicabo quia ullam nesciunt. Commodi qui id tempore eum ut. Reprehenderit laborum id doloremque ut quas. Tempore veritatis facilis molestias quaerat ullam.','velit','758',NULL,'2000-11-30 02:18:56','1990-06-14 18:58:43'),
('4','4','35','Omnis asperiores est sit ex. Blanditiis voluptatem pariatur illum. Molestiae et optio error in aut minima.\nPerferendis reiciendis laborum quas debitis. Dolorem alias saepe consequuntur est delectus.','distinctio','644',NULL,'1971-01-21 01:50:13','1983-07-04 18:56:59'),
('5','1','8','Eum facilis ut odit. Aut sed vel odio numquam qui. Nulla veritatis alias odio cum facilis. Ut pariatur consectetur nemo sit debitis omnis.','ut','1029',NULL,'2009-04-04 15:43:51','2006-08-02 17:19:20'),
('6','1','68','Eos quaerat eos nesciunt perferendis. Officiis nesciunt enim ut perspiciatis debitis. Sint sed accusantium inventore repellat.','molestias','843',NULL,'1971-08-20 08:57:07','1991-05-02 00:21:31'),
('7','2','82','Dolore optio temporibus ipsum distinctio cupiditate quia. Eligendi beatae similique aliquid aut cupiditate at. Ea fugit blanditiis a temporibus. Qui consequuntur dicta id mollitia quia.','quam','1239',NULL,'1977-09-03 10:18:50','1995-02-16 14:02:27'),
('8','5','63','Necessitatibus est aliquam perferendis iusto vel doloremque. Aut perferendis vero perspiciatis tempore.','facere','650',NULL,'2011-04-28 00:54:35','1991-02-21 12:41:37'),
('9','3','33','Error eum id quae. Et omnis quam itaque sed neque et. Delectus dolor est voluptas distinctio error. Officia iste ut facere dicta.','sed','95',NULL,'2013-11-22 23:01:09','1990-02-13 05:53:02'),
('10','4','90','Accusamus quae totam ipsam in. Autem molestias rerum aut qui. Dolorem consequatur porro ducimus ab nemo. Animi aliquid doloremque amet aut quisquam nesciunt consequatur.','nostrum','1067',NULL,'1976-07-28 12:40:40','1983-04-01 07:27:55'),
('11','3','68','Esse magnam autem vitae quis. Ipsa porro odio sed quod deleniti. Perspiciatis totam laborum illum nostrum. Placeat mollitia maxime soluta ut velit. Tempore optio voluptatem sint quae.','distinctio','1273',NULL,'1991-08-25 19:23:21','1982-05-12 14:46:52'),
('12','4','97','Autem aliquid magnam atque tempora. Sunt consequatur laboriosam fuga ratione odit. Quis nobis non et nihil expedita pariatur.','possimus','146',NULL,'2006-02-13 11:00:58','1974-04-20 09:34:03'),
('13','3','67','Quisquam nostrum vero ad reprehenderit ipsam rerum. Omnis similique ducimus voluptas. Culpa eos et vel et explicabo reiciendis. Porro ex aut accusantium id et.','quis','2024',NULL,'1990-06-29 22:43:48','2020-04-21 16:20:29'),
('14','5','90','Similique ipsam voluptatibus deserunt ut excepturi harum ratione. Corporis distinctio quibusdam repellat omnis velit.','sint','1518',NULL,'1974-11-30 02:30:00','1974-11-23 05:09:12'),
('15','6','55','Qui numquam rerum libero necessitatibus. Ea voluptates laborum vel hic.','eius','1729',NULL,'2010-07-18 14:54:00','1979-09-24 17:26:38'),
('16','6','75','Accusamus laudantium molestias veniam. Sit animi maxime a magni. Et maxime incidunt eveniet in laborum et et quo.','similique','2012',NULL,'2006-07-31 20:40:13','1982-08-25 22:30:24'),
('17','2','37','Reiciendis cumque libero dolores quia exercitationem. Assumenda quaerat nihil ea eos. Deserunt exercitationem quisquam rem ad.','non','179',NULL,'1972-03-17 15:19:42','2006-04-28 22:09:10'),
('18','2','66','Numquam suscipit atque ut mollitia qui. Eos ipsa quis cupiditate non magni velit pariatur aut. Aut eos dolore non fuga modi unde.','modi','877',NULL,'2003-11-13 04:15:38','1983-02-16 13:07:16'),
('19','2','82','Eaque dolorem ea et. Incidunt est occaecati et doloremque recusandae.','ipsam','1959',NULL,'1996-12-25 00:04:01','1987-04-09 00:44:03'),
('20','6','49','Harum illum ea quas illo et soluta non. Labore quos consectetur laboriosam rem architecto. Quam tenetur similique perspiciatis vitae.','cumque','1773',NULL,'1978-06-25 22:11:31','2004-04-29 01:11:44'),
('21','6','5','Ab sint praesentium architecto ratione optio non. Voluptate eum illo laudantium dolor dignissimos est. Unde tempore veniam voluptatem.','voluptatum','440',NULL,'1992-10-28 02:12:31','2003-12-15 01:18:22'),
('22','1','8','Nobis provident velit officia adipisci velit voluptas qui. Voluptatem dolorem itaque dolores saepe. Et sit aspernatur sint numquam magnam magni quia.','consequatur','1588',NULL,'2003-06-20 05:28:44','1980-09-02 01:56:13'),
('23','6','87','Aut quia quibusdam quas eos voluptates. Veniam vero reprehenderit ipsa eum consequuntur.','molestiae','597',NULL,'1985-11-12 19:51:23','1999-01-13 03:16:44'),
('24','5','21','Ipsam rerum saepe reiciendis quam nobis provident harum sunt. Excepturi numquam ea qui quia voluptatibus id aspernatur veritatis. Quas quod molestias magnam tenetur in quo ut.','accusantium','1330',NULL,'1971-02-19 19:04:06','1987-10-28 11:47:15'),
('25','2','26','Ut exercitationem earum dignissimos debitis. Sunt molestiae laborum quia expedita accusamus. Quo omnis harum et. Dolor blanditiis dolores consequatur ut laboriosam.','deserunt','499',NULL,'1980-06-21 18:03:33','2007-09-17 10:05:47'),
('26','1','65','Optio voluptas tenetur aspernatur et voluptas. Esse laudantium tempore quo amet est. Quas voluptas atque est iure. Sit neque velit minus nisi occaecati alias.','ratione','1065',NULL,'2009-12-25 14:27:03','1998-06-08 14:02:00'),
('27','6','70','Quis ut excepturi saepe aut. Quod nesciunt quia distinctio repudiandae sunt.','eligendi','379',NULL,'2002-01-05 11:30:10','2000-05-15 13:33:44'),
('28','4','36','Eos perspiciatis corporis est quibusdam libero qui. Explicabo perferendis veniam consequatur et ut illum. Tenetur repellendus velit harum impedit quibusdam rerum.','rerum','399',NULL,'1973-11-02 13:08:32','2000-07-30 01:07:31'),
('29','3','39','Animi mollitia exercitationem modi quo assumenda atque nulla eveniet. Voluptate cumque vel minus mollitia adipisci eos voluptatem. Et deleniti consequatur a aut consequatur ullam voluptatem.','animi','1299',NULL,'2016-05-15 19:46:16','1986-02-22 21:28:35'),
('30','2','35','Voluptates explicabo amet quis eius beatae assumenda nulla. Unde in vero non sapiente. Omnis enim corporis sunt ullam cum.','modi','1316',NULL,'1976-06-01 12:21:43','2001-10-25 13:46:50'),
('31','6','19','Veniam dolorum repellat est qui. Voluptas deserunt quo et harum doloribus odit ab ut. Alias debitis velit labore necessitatibus.','deserunt','634',NULL,'2004-12-10 14:06:22','2007-12-02 17:26:58'),
('32','1','14','Tempora rem blanditiis ut. Voluptatem ipsa minus voluptatem sed omnis saepe qui. Quia maiores ab sapiente deleniti facere. Voluptatem praesentium ut aperiam eum atque debitis iste.','hic','264',NULL,'1999-06-01 09:19:52','1987-04-03 09:28:50'),
('33','4','31','Unde possimus eveniet qui atque reprehenderit. Nam excepturi alias repellendus autem voluptates quis. In ut libero aut. Ullam eius aut molestiae eum.','dolorem','741',NULL,'1993-11-18 18:58:13','1995-10-03 04:37:00'),
('34','5','88','Ullam ut id voluptate et ipsum. Provident exercitationem consequatur quis ad odio. Illum expedita aperiam officia aut.','cupiditate','2045',NULL,'2001-01-06 11:17:04','1995-08-07 02:56:11'),
('35','1','79','Velit repellat aut autem sunt. Ad fugiat aliquid dignissimos enim nobis velit. Quasi minus nesciunt natus illo commodi nobis non mollitia.','tempora','830',NULL,'2017-05-12 19:07:52','1994-03-14 23:03:12'),
('36','3','2','Molestiae fuga asperiores dolores nostrum veniam laborum. Et voluptatem sequi ad nisi exercitationem. A eos esse omnis. Quas voluptates amet iste natus.','qui','1985',NULL,'2008-03-26 20:36:29','1997-05-07 16:04:02'),
('37','5','53','Incidunt aut qui consequatur similique omnis. Placeat quos eveniet quam ut dicta accusantium. Ut alias quia consequuntur et non et. Quo eaque est qui voluptatem dolores qui.','ratione','1086',NULL,'1977-01-28 05:02:34','1980-05-23 01:29:37'),
('38','1','69','Voluptate maxime harum dolorem. Ut incidunt odit voluptatem ullam exercitationem autem. Repudiandae id ut et velit. Optio velit cum vel similique. Assumenda ex eum id et ipsa.','consequatur','2003',NULL,'2012-11-23 17:28:32','2002-05-08 02:13:13'),
('39','3','80','Architecto et magnam pariatur sit est modi aut non. Sequi quia optio laborum quam eaque deserunt. Unde consequatur et repellendus. Enim et deserunt aut magni sit minus iste.','maiores','1289',NULL,'1982-11-29 06:01:07','1999-06-20 07:11:45'),
('40','6','59','Voluptatem quo nulla inventore velit ex sunt. Qui accusantium harum quam nihil sit cumque. Facilis nam voluptates quo aut natus.','fugit','1333',NULL,'1977-12-22 02:32:40','1994-11-13 07:17:43'),
('41','1','99','Iste totam aut asperiores quia in. Deserunt sint voluptatem voluptatem dolor culpa quas voluptas. Voluptatibus tempore iste laboriosam recusandae.','id','1777',NULL,'2003-10-05 07:04:11','1999-12-23 23:21:04'),
('42','2','100','Aut eius et ducimus sed ut doloremque. Nihil nesciunt doloribus culpa accusantium. Natus ut ut rerum necessitatibus. Aut harum rem porro et quaerat nisi voluptas et.','aperiam','1862',NULL,'1976-11-12 23:17:39','2016-11-10 21:16:00'),
('43','5','83','Ipsam saepe error qui modi quaerat. Aut quae et consequatur facilis quis et corrupti et. Architecto nobis occaecati quibusdam velit a repellat. Dicta nulla et temporibus qui.','ratione','1868',NULL,'2003-01-10 23:21:37','1994-10-17 04:52:56'),
('44','3','4','Nulla autem itaque non velit sint omnis. Sunt dignissimos voluptas vitae sint. Ut nihil omnis ipsam repudiandae.','numquam','1632',NULL,'1974-09-23 20:02:26','1973-01-24 04:35:53'),
('45','2','60','Voluptas magnam veritatis sint quibusdam est rerum. Dolores eum consequuntur neque voluptas eum dolor. Molestiae quo voluptates eos quod.','voluptatem','1632',NULL,'1971-01-07 17:45:47','1995-01-05 12:57:46'),
('46','3','14','Aliquam fugit et qui odit id id vel. Voluptas quibusdam perferendis nihil officia magni velit suscipit. Modi sapiente et velit atque expedita eos minima.','optio','607',NULL,'2014-10-12 06:56:47','2004-09-06 08:34:50'),
('47','5','49','Et quam a debitis quidem quam molestias. Et vero dolor ea eum error maiores aut. Omnis asperiores dignissimos consectetur distinctio. Necessitatibus ut eaque aspernatur voluptatem.','temporibus','415',NULL,'1976-06-28 12:06:30','1979-06-12 16:19:23'),
('48','2','33','Numquam aut ab alias autem. Earum et aspernatur et aut. Culpa ea aspernatur consequatur perspiciatis.','officiis','879',NULL,'1972-02-17 05:03:24','2003-11-14 12:01:12'),
('49','5','7','Soluta repudiandae doloribus dolores id libero. Maiores illum atque voluptatem similique itaque. Quo a sint rerum rerum amet. Excepturi molestias veniam et aut maxime ipsam fuga.','ut','1121',NULL,'1970-05-27 18:20:39','1991-08-15 18:23:51'),
('50','2','91','Sunt tempore rerum soluta voluptatum blanditiis. Dolorem ex dolorem alias et omnis culpa. Voluptatibus voluptates cupiditate ipsam tempore tempore et omnis quidem.','quis','1475',NULL,'1986-10-25 11:45:38','2016-07-08 06:48:26'),
('51','6','57','Amet quam est est rerum porro dolor eos. Nam labore voluptatem autem dolore et. Dolores voluptate tenetur laboriosam eaque et atque est.','similique','1006',NULL,'1983-01-29 20:02:48','1997-03-06 21:26:12'),
('52','6','68','Ipsa pariatur aperiam adipisci culpa labore deserunt consequatur ex. Possimus enim ex aliquam aliquam error sit sit. Quidem ipsam nobis quidem repellendus quis.','beatae','392',NULL,'1983-02-24 05:24:08','2009-09-23 23:59:25'),
('53','1','1','Beatae veritatis voluptates aut et et in. Omnis magnam est officia alias magnam dignissimos sit non. Assumenda inventore hic vitae maxime. Et illum dolorem pariatur exercitationem nihil.','provident','1662',NULL,'1999-08-28 02:13:17','1981-01-13 19:43:51'),
('54','3','49','Autem inventore et provident. Et beatae quia est maiores voluptas voluptas. Temporibus fuga fuga ut qui molestias animi tempore.','est','1212',NULL,'1990-03-19 16:18:11','2010-05-25 08:30:29'),
('55','5','25','Neque rerum fuga alias aut quas voluptatem. Unde dicta et et commodi quod odit consectetur.\nVoluptas qui et est ratione qui. Molestiae et similique beatae ullam.','iusto','1400',NULL,'1999-09-04 16:03:50','1978-03-06 20:34:41'),
('56','1','86','Sint sunt dolorem tempore deserunt porro velit amet consequatur. Ab laboriosam quisquam nostrum omnis sed numquam. Illo veniam iure quaerat aut.','amet','1413',NULL,'1999-08-31 12:22:34','1973-10-07 12:01:36'),
('57','2','29','Reiciendis ratione a iusto sit aut autem. Doloribus dolor corrupti nulla itaque est quisquam quas. Alias corrupti reprehenderit cumque omnis voluptas et.','nemo','1032',NULL,'1980-12-04 12:22:44','2002-12-02 14:48:20'),
('58','6','92','Dolorem laborum illum et temporibus cum quam. In et doloribus velit suscipit expedita quos. Atque iusto quia veniam distinctio deleniti dolores distinctio.','saepe','1206',NULL,'2011-06-21 14:04:37','1997-04-15 19:34:22'),
('59','1','20','Tenetur quas saepe accusantium voluptas temporibus nisi libero. Earum et accusantium qui ullam qui deserunt. Porro dolore itaque possimus possimus et.','voluptate','1225',NULL,'1982-09-04 13:37:13','2000-03-30 12:05:14'),
('60','6','33','Eum laboriosam facilis id eum id. Similique quae quidem doloribus cumque eaque. Numquam quas sit harum reprehenderit qui.','neque','281',NULL,'1987-11-16 06:15:56','2006-04-17 23:59:21'),
('61','5','34','Sed qui et hic sint aspernatur quis voluptas. Quod iusto porro quos omnis. Assumenda ut numquam reiciendis enim neque quis.','rem','646',NULL,'1985-05-19 12:14:48','2009-03-27 11:20:59'),
('62','3','58','Tempora officia et id in recusandae dolore maxime. Dolore ex qui enim iusto reiciendis omnis. Vero consequuntur provident est est quia culpa. Asperiores non dolore voluptatem fuga.','voluptates','1751',NULL,'2012-03-08 09:06:46','2004-01-18 02:25:34'),
('63','5','74','Rerum id accusamus sunt excepturi. Maiores laborum dolorum unde non. Deleniti sed id quam accusamus nam fugiat expedita enim. Nemo perspiciatis molestiae minus ullam in quia reiciendis.','eveniet','178',NULL,'1985-12-20 21:58:29','1992-01-21 16:29:29'),
('64','6','61','Numquam aut veritatis aliquam. Sunt dolor est rerum sunt perspiciatis ut. Asperiores soluta consectetur id animi non odio.','quasi','1092',NULL,'1976-04-01 19:33:04','1975-05-16 17:31:09'),
('65','5','10','Qui amet qui qui ut officia. Et quisquam consequatur quasi sit sapiente asperiores enim. Dolore et odio unde et cumque.\nNon rerum aut fugiat et sed quaerat. Itaque vel vel in iure.','eveniet','1131',NULL,'2000-03-23 01:36:57','2009-10-31 07:42:08'),
('66','4','65','Fuga in accusamus quas ad quaerat ducimus enim. Ut cumque aut voluptas fugit voluptatibus explicabo ea. Hic iste autem ut excepturi omnis et iste. Ut ut maxime non.','similique','364',NULL,'1973-10-26 18:59:23','2010-10-30 02:40:20'),
('67','4','44','Et odio numquam recusandae et adipisci exercitationem veniam libero. Nobis molestiae vel veritatis quia. Rerum quo mollitia at quidem minus placeat aut.','eveniet','1881',NULL,'2000-08-30 00:27:13','1980-09-23 09:08:01'),
('68','2','75','Atque harum voluptatem quibusdam omnis quos. Exercitationem velit molestiae nisi qui. Aut nihil recusandae iste est et.','nostrum','868',NULL,'1984-10-27 20:33:11','1993-05-07 11:07:01'),
('69','3','68','Magni nobis eum minima hic occaecati iusto ut eius. Odit suscipit dolore suscipit rerum nam nesciunt. Maiores nesciunt magnam laborum. Deserunt doloremque quam quisquam earum.','illo','773',NULL,'2012-09-06 20:36:42','2009-03-19 22:54:12'),
('70','2','25','Debitis ipsam beatae delectus ut et et. Ea ipsa ad reiciendis unde a. Culpa quas dolorem quaerat aut cum. Non omnis autem voluptatem. Velit iusto explicabo aut neque modi aut cum.','ipsum','1337',NULL,'2008-03-08 03:42:55','1995-12-01 20:05:55'),
('71','6','30','Repellendus delectus excepturi autem ea alias ipsa porro. Distinctio a debitis qui saepe quos qui dolorem. Reprehenderit quia harum nihil nemo doloribus nemo minima quia.','nobis','452',NULL,'1975-02-21 16:03:52','1994-09-05 01:09:13'),
('72','1','17','Qui quo perferendis nihil perspiciatis porro. Temporibus blanditiis expedita molestiae illum fugit aut quo. Deleniti sit ipsa quia et.','magni','719',NULL,'2008-09-02 03:02:25','1997-08-18 20:27:23'),
('73','4','96','Aliquid eius possimus sit nemo vitae molestias molestiae. Quia omnis voluptatibus nostrum qui ut ut adipisci. Laudantium voluptatem earum totam incidunt et. Et aliquid velit officiis et in molestiae.','et','391',NULL,'2000-03-08 17:53:38','1992-06-06 13:15:40'),
('74','1','69','Earum quo omnis aspernatur. Molestiae amet voluptas incidunt mollitia quia enim.','qui','259',NULL,'2015-01-25 12:16:01','2010-08-04 15:11:45'),
('75','1','3','Vitae dolore quis asperiores velit beatae. Deleniti natus aut illo ab nihil est. Dolorem optio ut sed aut facere. Laboriosam optio voluptas animi nihil eum velit consequatur quis.','necessitatibus','243',NULL,'1982-12-24 14:16:26','1976-10-02 07:33:22'),
('76','1','94','Id nesciunt eos excepturi voluptas. Ab nobis voluptatum veniam nobis sunt nostrum voluptatem. Ab tempore dolores quibusdam alias voluptatibus est. Quaerat unde temporibus nam aut dolor et vel.','deleniti','862',NULL,'1977-12-09 16:40:28','1972-12-20 12:30:17'),
('77','3','47','Ex iste blanditiis amet hic inventore voluptates cumque. Qui molestiae ea dolorem consequatur. Atque sed voluptatem perspiciatis voluptates omnis.','asperiores','1365',NULL,'1977-07-13 11:13:52','1997-07-01 10:25:28'),
('78','4','19','Rerum a facilis qui quasi porro sit. Occaecati quaerat aperiam tenetur corporis id alias. Ipsam itaque in neque unde dignissimos.','a','1320',NULL,'1977-07-16 01:38:40','2013-10-30 09:37:35'),
('79','2','41','Assumenda est exercitationem magni doloremque. Quia dolores commodi distinctio odio a non architecto. Alias ut accusantium tempore.','officia','211',NULL,'2018-10-14 13:10:20','1973-11-24 23:53:15'),
('80','5','100','Aut vel ut quo et accusantium aut pariatur. Perferendis minima qui officiis eveniet recusandae sit fugiat vel. Molestias architecto qui quae eum.','fuga','1817',NULL,'2000-08-05 01:48:56','1982-09-15 23:30:50'),
('81','4','32','Nostrum molestiae non esse excepturi excepturi. Sed dolores ratione sed voluptatem explicabo tenetur. Dignissimos ut et voluptatem eum vel itaque itaque.','sunt','568',NULL,'2009-07-28 22:46:21','1989-11-22 09:20:49'),
('82','4','16','Eos incidunt repellendus voluptate ut sit et reiciendis. Voluptatibus quasi velit libero aut repellendus. Molestiae voluptatem soluta itaque alias.','quae','834',NULL,'1992-12-02 22:04:34','1991-05-26 18:57:22'),
('83','5','96','Et et ut et perspiciatis aspernatur consequatur. Iusto qui quo necessitatibus unde quisquam deserunt. Aut dolor rerum aperiam est assumenda repudiandae. In quo mollitia alias voluptates.','quia','787',NULL,'2003-01-11 14:36:31','1970-09-19 10:41:26'),
('84','6','20','Iste voluptas ut hic laboriosam qui tempora sed. Fuga sint repellendus eum nulla molestiae sequi minima. Velit quia voluptate id autem soluta harum.','voluptatem','963',NULL,'2011-07-22 19:27:49','2000-03-19 12:58:48'),
('85','4','14','Qui distinctio et laborum officia placeat impedit. In adipisci sapiente quos libero. Ea velit dicta explicabo sed quis animi nostrum.','suscipit','664',NULL,'1999-09-11 14:50:48','1998-03-31 04:06:57'),
('86','3','57','Quia delectus sit alias est dignissimos ipsa. Et quo atque et a omnis temporibus. Iure consectetur officiis ullam beatae ex.','veritatis','1840',NULL,'2011-02-20 08:42:53','1996-10-30 06:34:46'),
('87','3','55','Vel omnis qui ipsam aut sed. Occaecati tempore quisquam quae provident dicta consequuntur.\nLibero ea suscipit quas nihil id. Quam animi commodi harum quia rem asperiores.','aut','448',NULL,'1972-10-25 07:34:07','1978-10-08 22:15:47'),
('88','5','1','Molestiae possimus nam et dignissimos ex dolores. Laboriosam incidunt quo odio velit. Soluta cumque nostrum velit ut. Itaque est culpa pariatur amet unde.','ea','101',NULL,'1992-09-20 09:07:13','1971-05-25 23:26:55'),
('89','3','80','Et qui sed quos ab omnis. Magni at error molestias eos aut illo. Praesentium quae qui ex omnis dolores.','suscipit','220',NULL,'2011-09-11 18:52:12','1983-12-29 03:44:07'),
('90','5','65','Placeat tempore ut provident numquam sed architecto. Cumque ut explicabo provident. Est libero ut autem facere dignissimos laudantium excepturi nam.','recusandae','754',NULL,'1970-09-23 14:47:57','1972-12-21 23:27:31'),
('91','5','71','Autem et quis sit quaerat assumenda minus. Et ipsam et voluptatem autem aspernatur esse. Quia aliquam dicta eum non at minima laboriosam. Pariatur ut voluptas qui.','qui','1342',NULL,'1972-03-12 23:54:57','2007-08-14 12:36:29'),
('92','4','20','Labore quia veritatis iusto. Doloremque placeat omnis accusamus et aut nesciunt magni. Molestiae maiores blanditiis asperiores voluptate.','nobis','284',NULL,'1975-04-11 02:42:56','2014-10-20 11:59:11'),
('93','1','10','Veritatis a voluptate eaque vitae nesciunt. At voluptas earum at enim et. Voluptatum expedita iure delectus vel qui fuga ad fugiat. Ut quis culpa nisi perferendis voluptatem adipisci minus.','nihil','1691',NULL,'1994-10-31 12:52:17','1973-07-10 12:25:48'),
('94','3','37','Deserunt tempore nobis at. Temporibus repellat est blanditiis tenetur et. Error eum libero laboriosam.','quibusdam','471',NULL,'2015-03-11 15:12:41','1985-06-02 18:48:56'),
('95','3','19','Repellat voluptas consequatur repellat tempora eligendi. Aut omnis laboriosam facilis omnis. Ut quo aut consequatur dolores nostrum voluptatem dolorum. Provident iusto voluptatem et omnis.','est','1081',NULL,'2018-04-30 20:51:46','2019-04-02 00:44:57'),
('96','3','100','Fuga rerum et vitae ut aut. Quia dolore possimus explicabo ut sit tempora itaque. Cum cumque suscipit atque.','omnis','854',NULL,'1975-05-31 10:22:40','2009-11-27 20:33:24'),
('97','3','100','At eos sequi quia excepturi a earum. Placeat facilis deserunt vel perspiciatis vitae tempore nihil. Sit hic rerum dolores quia repellendus beatae est.','eum','1951',NULL,'2009-01-26 07:30:10','1992-10-03 01:32:32'),
('98','1','25','Ut aperiam accusantium dolor in. Commodi dolorum qui fugit corporis pariatur quia itaque. Ipsa maxime dolorem a praesentium facilis corporis eligendi.','voluptatem','811',NULL,'2007-01-14 10:03:03','1997-10-26 16:20:44'),
('99','6','7','Et doloremque excepturi reprehenderit autem tempora vel culpa. Praesentium fugit aut omnis officiis qui consequatur iste. In quos perferendis iste quos.','voluptas','1955',NULL,'1981-09-17 10:22:55','1972-03-29 11:43:20'),
('100','3','59','Molestiae consequatur perspiciatis pariatur. Omnis labore delectus accusantium ipsum cumque. Ut voluptates natus suscipit consectetur id non.','consequatur','626',NULL,'1996-06-04 09:54:24','1974-08-20 03:24:59'); 


DROP TABLE IF EXISTS `media_types`;
CREATE TABLE `media_types` (
  `id` bigint(20) unsigned NOT NULL AUTO_INCREMENT,
  `name` varchar(255) COLLATE utf8_unicode_ci DEFAULT NULL,
  `created_at` datetime DEFAULT current_timestamp(),
  `confirmed_at` datetime DEFAULT current_timestamp() ON UPDATE current_timestamp(),
  PRIMARY KEY (`id`)
) ENGINE=InnoDB AUTO_INCREMENT=7 DEFAULT CHARSET=utf8 COLLATE=utf8_unicode_ci;

INSERT INTO `media_types` VALUES ('1','png','1998-05-12 10:19:38','1980-05-30 02:53:00'),
('2','pdf','2015-07-18 09:47:21','2004-12-03 10:06:43'),
('3','mpeg','2013-07-08 23:55:06','1986-11-20 16:35:34'),
('4','avi','1992-11-04 00:34:01','1972-05-08 19:36:17'),
('5','gif','1989-02-03 16:27:30','1981-07-17 13:48:50'),
('6','jpg','2016-09-27 14:43:16','2013-05-08 06:30:19'); 


DROP TABLE IF EXISTS `messages`;
CREATE TABLE `messages` (
  `id` bigint(20) unsigned NOT NULL AUTO_INCREMENT,
  `from_user_id` bigint(20) unsigned NOT NULL,
  `to_user_id` bigint(20) unsigned NOT NULL,
  `body` text COLLATE utf8_unicode_ci DEFAULT NULL,
  `created_at` datetime DEFAULT current_timestamp(),
  PRIMARY KEY (`id`),
  KEY `messages_from_user_id` (`from_user_id`),
  KEY `messages_to_user_id` (`to_user_id`),
  CONSTRAINT `messages_ibfk_1` FOREIGN KEY (`from_user_id`) REFERENCES `users` (`id`),
  CONSTRAINT `messages_ibfk_2` FOREIGN KEY (`to_user_id`) REFERENCES `users` (`id`)
) ENGINE=InnoDB AUTO_INCREMENT=101 DEFAULT CHARSET=utf8 COLLATE=utf8_unicode_ci;

INSERT INTO `messages` VALUES ('1','30','52','Consequatur autem excepturi est quis et. Nulla quaerat suscipit iste qui omnis neque. Quis sint tempora ut ducimus.','1988-12-17 14:41:50'),
('2','47','10','Voluptatem odio nam dolorem iure. Hic dicta ducimus dolor eos optio alias. Id iste ut in. Quis et et quasi beatae quod molestiae. Dolore dignissimos ullam quas ea reprehenderit porro.','2018-03-22 18:07:12'),
('3','27','15','Autem rerum nulla adipisci quia. Libero doloribus debitis voluptatibus sit at eius. Molestias dolore amet voluptatibus ut qui. Dolorem asperiores voluptatem totam.','2005-04-17 21:25:27'),
('4','8','48','Assumenda omnis eius repellendus quos est. Qui et unde ut unde repellat suscipit itaque. Ratione fuga dolore et veritatis quos vero eos.','2007-05-29 02:43:30'),
('5','98','100','Aspernatur sunt nam voluptas sed odit repellendus. Non vitae eos minima iusto. Dolor veniam dolor iure molestias delectus quos porro.','1972-12-04 22:54:35'),
('6','19','33','Molestias perspiciatis laudantium veniam nesciunt est. Aliquid rerum alias at nemo dolor consequatur ab id. Aut maiores culpa et totam quasi. Assumenda quia iusto ratione odio magnam optio.','1999-11-27 09:54:56'),
('7','64','91','Dolorum illo rem impedit aut. Facilis est sit error magni. Illum et nihil sit labore id.','1973-01-29 17:38:34'),
('8','32','49','Deserunt placeat ab qui repellat aut autem in. Laudantium perspiciatis voluptatem omnis fuga atque autem. At nesciunt qui excepturi.','2020-05-08 09:53:49'),
('9','63','72','Incidunt dolores magni nostrum. Quasi non repudiandae non non. Laborum error deserunt qui doloremque id error assumenda. Perspiciatis atque provident et atque recusandae tempora et.','1976-12-11 15:24:04'),
('10','30','13','Autem molestiae id voluptate pariatur ex sunt. Neque officia fugit eveniet iusto. Sint quia praesentium asperiores ex voluptatibus.','2002-02-24 08:33:26'),
('11','65','23','Aspernatur quis qui tempore assumenda eum. Unde fugit excepturi quia rerum enim aut fugit. Maiores id ut accusantium quos ea.','2004-02-01 05:05:00'),
('12','97','67','Officiis non vero laudantium magnam ea. Eos voluptatem eos dolores architecto. Ipsum harum praesentium magni voluptas eveniet cumque sint. Quidem eos enim adipisci dignissimos aspernatur.','1986-04-13 21:39:52'),
('13','94','89','Consequatur et unde beatae consequatur et omnis repellendus. Modi minima et pariatur modi vitae labore. Nisi et dolor voluptate ut distinctio ipsa.','1995-12-22 03:21:08'),
('14','8','59','Modi sed amet sit aut vel mollitia. Et ut consequatur repellat officia expedita quod unde. Facilis aut ut quo voluptate quisquam adipisci consequatur molestias.','1992-10-06 19:05:14'),
('15','84','55','Et unde laborum aut occaecati. Tempora eius ad ipsa sapiente cumque officiis sed. Corporis et nostrum totam commodi labore.','1987-10-31 21:30:09'),
('16','14','13','Voluptates autem ducimus est molestiae est eligendi officia. Quia beatae quas consequatur temporibus debitis animi consectetur. Odio enim quam ut atque ut dolor.','2014-12-01 10:31:31'),
('17','6','60','Ut quidem ex minus sed voluptatem. Odio excepturi consequatur rerum unde ipsa expedita. Quam nihil odit velit et in est quia.','1973-02-05 02:20:41'),
('18','22','33','Blanditiis ea quaerat consequatur delectus est. Ut esse modi laborum laboriosam iure.','1986-12-10 20:55:28'),
('19','75','29','Consectetur voluptates magni quia ab. Recusandae suscipit officia dolores suscipit. Facere debitis magnam dolorum ea laboriosam qui corporis.','1984-01-21 09:34:43'),
('20','81','72','Eum labore voluptatibus neque corporis consequatur nam ut. Nisi veniam fuga aut ea. Autem voluptas ad odio molestias provident sit. Error suscipit voluptate iure.','2008-06-30 10:28:07'),
('21','29','99','Quis tempore sapiente saepe explicabo omnis eaque labore quae. Neque est incidunt quia atque. Enim dolores sint assumenda quae exercitationem et. Voluptatem cupiditate eaque voluptatem iusto ut.','1981-02-11 22:50:03'),
('22','5','93','Vero explicabo consequuntur illum animi. Quia voluptates ut harum explicabo hic. Molestias placeat ut natus laborum non placeat odit.','2007-07-11 09:53:18'),
('23','90','37','Sed consequatur consectetur cum soluta error. Odit officiis sunt ea aut omnis maxime quas. Sed perferendis ut nulla reiciendis voluptatibus odit nihil magnam.','1971-07-01 18:16:27'),
('24','41','52','Perferendis tempore velit in amet quidem ut. Et similique assumenda ut consectetur sit. Iusto voluptatem accusamus illo aut dolorum ullam ea.','2012-01-29 12:55:21'),
('25','9','70','Autem accusantium hic quae explicabo quisquam qui aliquid. Explicabo et placeat eius molestiae. Velit iusto sit ipsa rerum perspiciatis sapiente similique.','1983-02-19 07:55:49'),
('26','64','73','Odio et aut libero temporibus laudantium accusantium. Itaque qui repellat voluptatem et. Nam repellendus vitae velit accusantium et assumenda porro.','1987-10-05 03:11:52'),
('27','93','60','Aut praesentium fugit quos cum. Et nihil saepe cumque possimus dolores. Dolores modi vero ut blanditiis.','1996-08-02 16:22:48'),
('28','40','87','Neque quae quis ea provident aspernatur. Non aut nesciunt quaerat quia eum aut est. Et qui placeat sunt. Dolor et veniam sint.','1973-02-02 18:18:53'),
('29','49','48','Eaque possimus quo nihil aliquam. Reprehenderit facere magni enim excepturi quasi qui. Dolores molestias ut sed ut.','2007-12-26 17:35:26'),
('30','45','33','Perspiciatis voluptatem aperiam suscipit tenetur nam aut optio vel. Architecto molestias quos velit repellendus deleniti est repellat. Aut ad aut rem officiis. Dolore soluta aut perspiciatis commodi excepturi est.','1980-02-28 08:07:14'),
('31','2','58','Ut repellat odio placeat praesentium consequatur autem provident ut. Asperiores repudiandae ullam autem nesciunt. Corporis voluptatum voluptas fuga repudiandae dolorem amet ut.','2001-10-24 13:15:21'),
('32','45','7','Atque id voluptas sint. Reiciendis consequatur et non explicabo quaerat quae.','1982-02-14 21:53:13'),
('33','18','67','Et nobis repellendus laudantium tenetur facere nisi nobis. Et in consequatur deleniti. Soluta incidunt asperiores itaque ab odio. In mollitia ut et dignissimos ipsum.','1974-06-15 06:50:44'),
('34','40','92','Et eos temporibus non dolore minus ducimus. Ut doloremque dolore nobis repellendus dolorem quia sunt autem. Vero et qui cum voluptatibus. Impedit eius nisi tempora quis quis dignissimos ipsa itaque.','1984-11-19 11:46:01'),
('35','96','20','Cupiditate laborum hic reprehenderit voluptate. Et harum pariatur id itaque. Aut consequatur ipsam soluta non asperiores et voluptas harum.','1974-03-04 00:17:12'),
('36','64','25','Itaque tempore quisquam quis atque ut sapiente quia ut. Impedit occaecati totam sit tempore qui ut nisi. Omnis magni quos nisi consequuntur quibusdam id.','1995-09-11 17:03:31'),
('37','18','69','Est quo ducimus magni. Quasi occaecati est debitis sit qui. Ut quis nulla minus et totam nulla eum. Molestiae deserunt doloribus nulla eius porro voluptatem.','1982-02-12 05:31:49'),
('38','17','7','Mollitia incidunt consequatur ipsam molestiae. Possimus qui qui adipisci temporibus nam vel soluta.','1977-04-02 11:40:37'),
('39','6','57','Fugit est molestiae aperiam aspernatur et vel perferendis. Quia ut et repellendus temporibus modi voluptatem ad eaque. Necessitatibus debitis iste adipisci unde voluptate. Quisquam quis autem excepturi tenetur perferendis. Nihil nisi et eum.','2019-12-08 10:27:00'),
('40','58','14','Sed incidunt facere sunt quos. Aut totam deserunt optio odit. Beatae harum impedit esse temporibus soluta qui.','2007-02-14 23:57:36'),
('41','27','21','Similique vel rerum autem non natus. Exercitationem debitis earum animi magnam. Commodi iusto optio dolorum magni. Debitis beatae facere repellendus voluptatibus.','1996-07-02 11:50:10'),
('42','86','19','Accusantium aperiam est omnis consequatur sed ut possimus. Ipsa illo et libero aut. Qui ipsa ipsum non itaque.','1983-07-18 14:35:05'),
('43','81','25','Eaque magnam praesentium amet atque voluptas. Ea repudiandae saepe sunt tenetur quos. Soluta assumenda quis porro odio rerum facere. Eveniet quas rem accusantium dignissimos eveniet.','2010-01-25 14:59:38'),
('44','6','30','Dolorem explicabo numquam ea natus deleniti omnis. Eveniet necessitatibus perferendis reiciendis est nihil tempora dolore. Sed facere ipsa qui ipsa ea dolores eligendi quae. Libero nostrum est ex aut fugiat velit.','2012-06-18 22:16:12'),
('45','73','51','Expedita dolorum quas eius ipsam. Voluptas et est sed et. Unde quaerat tenetur nostrum veniam voluptatem quis. Consectetur et nobis dolores.','1977-03-02 10:00:21'),
('46','62','74','Velit eos voluptatem eos error. Voluptatem nemo ducimus quo quibusdam. Ullam dolorem ut veniam et incidunt autem non.','1972-08-22 19:32:38'),
('47','8','7','Omnis et beatae nemo est ut aut ut. Quibusdam laborum id minima amet. Molestias animi labore dolorem maiores. Enim deleniti atque ut quaerat optio iusto provident.','1980-10-04 09:30:36'),
('48','81','26','Amet vitae ut est sed quae ad. Numquam rerum cum culpa facilis. Voluptatem corrupti illo veritatis odit incidunt eaque. Voluptatem aut laboriosam voluptatum.','1983-10-02 15:58:46'),
('49','73','20','Doloremque aut neque ratione neque excepturi et nobis. Sit assumenda fugiat eos quis labore asperiores omnis blanditiis. Magnam dolorem ut eum iure sit earum.','2012-06-27 09:31:00'),
('50','17','68','Inventore voluptas velit nesciunt laudantium optio ut. Incidunt animi consectetur illo atque. Eaque et et repellat est sapiente aut. Qui voluptatibus accusantium consequatur eaque voluptatem temporibus vitae.','1997-02-02 09:24:26'),
('51','39','81','Doloribus est dicta optio ratione quasi voluptatum. Ea animi molestiae in quia aperiam. Eaque vel magnam dolorum qui.','1997-04-10 15:05:22'),
('52','92','56','Et tenetur esse sed non. Id illo exercitationem quia autem quam ut. Incidunt facere earum numquam assumenda quaerat quisquam.','1987-08-02 16:15:38'),
('53','49','9','Nam voluptas molestiae facilis aut numquam. Soluta dolorum esse quos officia ut. Ut mollitia ab aut neque incidunt tempore impedit vel.','2017-09-21 20:06:10'),
('54','63','54','Neque sint pariatur qui pariatur quibusdam illo. Ut repellat aliquam temporibus reiciendis alias suscipit rerum aut. Facere maiores saepe at. Ab ad delectus at eos.','1977-09-21 13:59:19'),
('55','66','21','In ut earum dolore natus soluta quia quaerat. Enim quo quo hic ut.','1977-02-17 10:06:51'),
('56','67','92','Dicta voluptate quidem et. Quam saepe sed esse animi et tenetur. Voluptas facilis culpa aut odio. Voluptatem quo quis quis debitis recusandae est beatae.','1984-05-02 09:24:29'),
('57','42','53','Doloremque voluptatum fugit et eos. Odit ducimus dolores ullam et. Quos aut debitis occaecati veritatis pariatur voluptatem. Dolorem sapiente adipisci quaerat nostrum.','1993-11-10 18:56:01'),
('58','11','22','Sint ut sunt deleniti voluptatem. Iure rerum nesciunt officia et fugiat. Provident sit eveniet omnis dolores. Facere distinctio in totam est. Et in voluptatibus atque voluptatem unde error tempora.','1974-05-14 12:22:12'),
('59','78','16','Tempora repellat quisquam perferendis voluptas neque assumenda. Deserunt labore pariatur dolor qui et nesciunt.','2016-04-09 19:53:07'),
('60','52','50','Laborum voluptatem dolore ut itaque. Est rerum adipisci quidem voluptatem sit. Nemo nostrum cum voluptatem voluptatem. Modi numquam cupiditate inventore dolor autem quaerat et sint.','2000-03-03 19:14:32'),
('61','66','13','Amet molestiae commodi quis fuga in nulla sunt. Aperiam voluptatem tempora doloribus iure perspiciatis excepturi dicta. Voluptas rerum ea quos earum natus distinctio. Officia animi qui et recusandae qui iure. Doloremque voluptates velit inventore nulla ut.','1991-07-01 09:27:37'),
('62','24','74','Molestiae qui necessitatibus amet esse. Ipsam consectetur est labore quisquam qui et. Laborum eaque id quo iusto.','1982-08-23 05:46:57'),
('63','19','4','Molestiae consequatur blanditiis debitis. Omnis sit in ut qui pariatur vero sit. Sint omnis porro sint aperiam explicabo laboriosam porro.','2011-04-29 18:22:44'),
('64','99','92','Adipisci dolore asperiores odio non. Iste maiores ea culpa quis quam eligendi. Debitis molestias maxime omnis eum.','1979-01-16 20:45:41'),
('65','23','16','Non voluptatem eum non quod. Omnis et dolorem ut deserunt labore itaque. Laborum possimus occaecati quas. Est aut doloremque voluptate. Modi eum provident occaecati velit.','2018-07-07 06:46:45'),
('66','60','62','Dolore commodi voluptatibus reiciendis assumenda nihil. Sit debitis dolor saepe et. Occaecati quis nostrum velit praesentium eaque et quis.','1980-10-08 21:52:54'),
('67','96','52','Sit nihil beatae autem ea aut voluptate. Veniam vel ab sunt magni maxime praesentium adipisci. Aut cumque autem vel enim quo architecto.','2018-04-25 14:51:37'),
('68','17','45','Velit voluptatem beatae soluta rerum molestias dolores veniam. Autem asperiores vel modi illum earum impedit fugiat. Eaque illum rerum cupiditate sit ad neque. Accusamus provident doloremque quia natus aut molestias fugiat sapiente.','1996-10-30 07:18:18'),
('69','60','80','A maiores quas id sunt voluptate laborum velit. Voluptatem molestiae voluptates aut ut ea nam adipisci.','1987-02-02 17:01:33'),
('70','99','25','Necessitatibus et et quam illo. Repellat fuga aspernatur aut. Iusto nam recusandae quasi aliquam aliquid. Veniam minus facere ut ut possimus iste voluptas.','1973-07-09 05:09:43'),
('71','100','66','Rerum quia atque velit ut nisi. Velit consectetur quibusdam dolores aspernatur ea et. Voluptatem deleniti in nam. Sint velit sequi velit dignissimos ad.','2012-02-22 06:16:27'),
('72','17','41','Nulla reiciendis minima deleniti eum labore. Facere veniam ea quo recusandae ipsa dolores omnis culpa. Odit quae vel fuga vitae atque reprehenderit.','1970-01-17 08:51:00'),
('73','19','27','Tempora consectetur illum debitis velit. Molestiae tempore consequuntur ipsam ea dolorem aliquam. Sunt sit quas eos dolorum tempora aperiam.','2008-03-20 14:05:24'),
('74','63','96','Recusandae itaque vitae vitae ipsa sint. Non et ut dolore voluptatum nisi. Optio perspiciatis consequatur consectetur sequi animi impedit aut.','1992-06-22 21:23:52'),
('75','43','14','Cupiditate cumque ratione quod velit cupiditate odit possimus. Autem eveniet adipisci occaecati ea doloribus sit. Vitae aspernatur sed eligendi est incidunt. Sint voluptatibus quidem et nostrum et autem voluptates.','1984-05-01 09:46:22'),
('76','46','9','Quam molestiae deserunt nobis qui enim. Distinctio accusantium ad ipsam delectus. Soluta est similique voluptatibus vel. Tenetur vel quia exercitationem doloremque odit impedit ea harum.','2002-12-25 12:35:57'),
('77','27','69','Reprehenderit animi consequatur est repellendus. Similique commodi impedit consequuntur.','1970-12-04 17:51:31'),
('78','83','45','Officiis sint consequuntur magnam nihil qui ut. Velit qui nesciunt velit. Iure sit suscipit autem sit autem quam quidem quia.','2001-05-09 12:15:49'),
('79','72','81','Voluptate sit suscipit veritatis molestias. Tempora nulla vitae perspiciatis omnis amet alias. Alias ea sed voluptas porro est nobis. Non quia qui autem.','1999-11-14 03:48:51'),
('80','36','95','Perferendis in aut rerum ab enim adipisci ipsa. Odit eos architecto et praesentium. Aut placeat cumque rerum recusandae.','2005-07-04 14:54:15'),
('81','97','95','Deleniti fuga sed nihil doloremque et. Magnam molestiae veritatis numquam et rerum. Hic eligendi facere et sequi maiores sint. Ut qui expedita iste reiciendis doloribus. Et consequuntur hic reprehenderit amet est deserunt libero.','1987-07-21 17:58:14'),
('82','56','93','Sapiente natus id dicta velit. Non est aperiam qui temporibus consequatur ullam et temporibus. In optio et dicta omnis et explicabo et et.','1990-06-07 21:55:29'),
('83','46','73','Laboriosam molestiae perferendis nemo illo sed corporis non et. Laborum quod dignissimos qui maiores dolorem. Quia placeat autem cupiditate unde eaque voluptatem quia. Sit ut sunt ad maxime.','2003-12-27 18:50:40'),
('84','38','6','Et nihil ut sunt. Ut quia ipsum quasi aut ut corrupti dolore. Non placeat deleniti temporibus qui maxime et accusamus. Aut quibusdam et autem.','1981-03-21 13:35:08'),
('85','52','36','Quisquam deserunt dolorum voluptatem nisi voluptas. Iste veniam eum recusandae qui mollitia quas. Qui dolorem qui et quidem sunt accusamus quisquam quaerat. Tempore beatae soluta veritatis tempore et et aperiam. Accusamus eum non doloribus vel.','2007-08-22 00:29:17'),
('86','30','52','Quis fugiat officia minima ullam. Est culpa molestiae iste ea. Quidem ab quas ipsam quibusdam consequatur dolores. Ut ut sed quas quod error corrupti quisquam vero.','1994-04-20 12:31:35'),
('87','2','46','Ut dignissimos magnam earum quibusdam facilis. Consequatur id quo impedit nulla explicabo aut. Sit sed quia similique quasi.','2005-01-02 14:53:44'),
('88','93','20','Officiis sed in eius ipsa iste. Ullam suscipit dolores beatae ut sunt molestias. Quia natus ad molestiae dolorum rerum et nihil. Perspiciatis eum modi iure esse.','2004-02-19 17:23:42'),
('89','73','55','Autem et ut illum tenetur error quo culpa. Et ut accusamus accusamus ut exercitationem.','2010-08-14 23:21:11'),
('90','15','15','Voluptate error inventore qui inventore. Necessitatibus aspernatur accusamus at est. Animi est id sint et totam unde eligendi quae.','2001-06-07 16:00:47'),
('91','69','61','Incidunt eos tempora tempora est. Cupiditate sed harum error sit velit quisquam similique. Consequuntur quis recusandae sit optio. Eius voluptates dolores dolore.','1999-05-23 01:05:36'),
('92','24','95','Qui inventore natus necessitatibus molestias vero consequatur. Facilis in minima vitae quia impedit dolorem. Delectus qui quaerat qui quia. Dolorum sit neque et sint reprehenderit repellat odio.','1971-09-02 01:50:56'),
('93','29','6','Consequuntur explicabo velit fuga distinctio vitae ipsam. Sed porro ut porro asperiores nihil recusandae distinctio. Dolorem sint veritatis et iste.','1976-10-22 05:13:56'),
('94','39','1','Corporis tempore possimus doloribus adipisci non. Modi dolores alias porro aut nihil dolores animi deleniti. Officia doloremque explicabo et aut.','2005-08-24 19:25:43'),
('95','87','75','Quaerat aut et voluptatem sequi provident corrupti. Aut incidunt aperiam dolorem amet odio. Aut nisi fuga quod sed. Qui dignissimos tempora reiciendis exercitationem.','1993-04-04 05:06:42'),
('96','95','83','Eos non debitis temporibus sunt inventore soluta sunt. Est qui et eveniet consectetur non quae architecto. Odio libero facere facere autem aut asperiores. Reiciendis ea dolorem quas vel maxime. Quas iusto omnis eius qui velit aut.','1978-11-02 10:07:09'),
('97','70','50','Rerum fuga nemo ut deserunt. Sed libero beatae soluta perspiciatis nihil. Assumenda ducimus voluptatem eos impedit suscipit recusandae neque iste. Iusto voluptatem quisquam occaecati suscipit impedit fuga natus.','1992-09-01 14:36:20'),
('98','76','16','Aspernatur aut quis saepe voluptatem illum. Quae eaque ad cumque perspiciatis atque aliquam. Et expedita ut necessitatibus cumque.','1970-11-04 13:41:55'),
('99','23','13','Architecto ipsa sint velit voluptatem incidunt odio est. Quaerat beatae sit a consequatur ut veniam. Sint recusandae et cupiditate doloremque.','1976-01-13 13:10:24'),
('100','21','74','Inventore quisquam voluptatem quibusdam vitae architecto consequatur illum tempora. Animi et ea non omnis. Cupiditate recusandae aut atque voluptates ut quia deleniti distinctio.','1983-05-27 22:33:53'); 


DROP TABLE IF EXISTS `photoalbom`;
CREATE TABLE `photoalbom` (
  `id` bigint(20) unsigned NOT NULL AUTO_INCREMENT,
  `user_id` bigint(20) unsigned NOT NULL,
  `photo_id` bigint(20) unsigned NOT NULL,
  `photo_description` varchar(255) COLLATE utf8_unicode_ci DEFAULT NULL,
  `created_at` datetime DEFAULT current_timestamp(),
  PRIMARY KEY (`id`),
  KEY `user_id` (`user_id`),
  CONSTRAINT `photoalbom_ibfk_1` FOREIGN KEY (`user_id`) REFERENCES `users` (`id`) ON DELETE CASCADE
) ENGINE=InnoDB AUTO_INCREMENT=101 DEFAULT CHARSET=utf8 COLLATE=utf8_unicode_ci;

INSERT INTO `photoalbom` VALUES ('1','63','2416','Deleniti tenetur neque consequuntur temporibus. Harum et dignissimos numquam. Qui esse consequuntur voluptatum illo dolores sed voluptatum a.','1989-09-03 01:31:21'),
('2','81','9103','Modi velit dolores voluptatibus quibusdam. Earum ut aut iure ut quos hic dignissimos et. Blanditiis magnam ut excepturi cupiditate sed cupiditate doloribus incidunt.','1994-05-07 15:11:29'),
('3','68','1079','Sapiente neque autem sed accusamus. Ipsa voluptatem qui voluptas hic magni. Maxime recusandae magnam quam consequatur.','1992-03-12 02:29:38'),
('4','77','5908','Id quia omnis fuga animi quia. Quasi sint consectetur dolor temporibus cum sunt. Quo repellendus saepe voluptatibus totam.','1974-11-01 16:44:35'),
('5','60','222','Beatae quo et consectetur vero ut. Incidunt laborum ut perspiciatis rerum. Quia eveniet autem velit et quisquam ut tenetur facilis. Quos eligendi porro reprehenderit blanditiis atque.','1986-01-26 07:03:58'),
('6','99','8725','Facere amet ut id reprehenderit quo. Quo eos quis libero atque incidunt. Architecto earum animi optio quisquam ipsam officiis impedit.','2015-05-21 12:06:12'),
('7','46','105','Nisi est sequi voluptatem aut. Velit et dicta dicta qui est. Nisi sed ut voluptates est. Vero sint et voluptate.','2004-04-29 00:26:59'),
('8','76','665','Eum debitis nemo ab. Voluptatem qui sequi rerum aut quo expedita.\nOmnis vero nihil similique similique nam. Et velit ut mollitia ex. Ipsa cupiditate incidunt quos.','1986-05-28 00:07:22'),
('9','66','1525','Culpa corrupti corporis aliquid eos dolorum corporis tempore. Qui blanditiis voluptatum quisquam aliquam et. Est voluptatum qui quibusdam a.','1978-08-27 02:20:43'),
('10','58','1291','Ut vel nostrum et ut. Autem qui est molestias dolorum a. Amet ea repellat a voluptatem dolores. Unde consequatur deleniti omnis deserunt.','1999-07-03 12:18:07'),
('11','66','3619','Sint sapiente eius in aperiam deleniti autem enim. Voluptatem non magnam et perspiciatis quia enim.','2018-01-15 18:29:21'),
('12','39','5581','Est soluta quis iure vel porro sint. Sed nihil ipsum pariatur sint maiores et. Sunt soluta tenetur qui optio nesciunt.','1980-01-25 10:03:06'),
('13','11','4818','Voluptas incidunt facere consequatur libero corrupti molestias non. Voluptas aliquam impedit eos suscipit quidem. Consequatur nisi ut rerum neque vel non. Accusamus minus magni eum voluptas repellat.','1973-03-26 17:08:04'),
('14','54','2109','Voluptatibus sed autem ipsam necessitatibus hic. Vero dolorum sed cum et quia cum. Ut autem provident optio ducimus.','1971-06-16 12:55:48'),
('15','36','7567','Deleniti nesciunt cum natus. Ut dignissimos rerum doloremque corporis nihil laudantium. Voluptas autem et dolor qui cum non iste.','2001-02-17 14:42:07'),
('16','39','4083','Atque libero quia molestiae ratione veniam rerum. Aut ad deleniti ut voluptatum enim. Voluptatem dolore perspiciatis necessitatibus odit eveniet vitae.','2018-07-08 19:18:24'),
('17','9','2052','Explicabo in corrupti fugiat ea consequatur iusto. Qui odio recusandae quisquam veniam culpa aut.','2002-12-10 14:58:31'),
('18','31','3773','Perferendis esse saepe aut eos veritatis et qui. Distinctio distinctio quam sint repellat. Dolor est accusamus quo et.','1992-08-17 02:16:36'),
('19','77','8994','Magni veniam beatae quis quas dolorem. Consectetur vel suscipit quia natus est dolorum. Quis laborum labore quia nulla ut dicta. Sed harum necessitatibus consequatur ut.','1980-04-13 22:34:23'),
('20','16','4354','Et soluta fugit fuga ut et optio. Rem non qui quis dicta. Aspernatur delectus qui tempore beatae repellat.','1978-09-08 07:05:26'),
('21','36','1656','Quis atque maiores molestiae veritatis perferendis quia similique. Pariatur eius ut magnam ad.','1986-11-30 00:04:13'),
('22','6','2896','Est et beatae cumque voluptatibus ab at quasi. Id quia voluptatem excepturi. Consectetur dolorem neque est beatae.','2005-03-05 12:31:32'),
('23','84','6755','Sequi fugiat autem natus est magni. Sed consequuntur dicta asperiores fugiat inventore. Impedit asperiores minima tempora aut.','2001-03-31 19:02:14'),
('24','10','1836','Sed voluptates aut cum. Blanditiis velit et est cum nihil. Alias in totam illum recusandae. Et provident et odio eveniet et amet.','2019-12-19 23:59:04'),
('25','25','2987','Magni et molestias sapiente odio nulla. Omnis sed maiores libero aperiam nisi laborum similique. Ipsum maxime harum dignissimos est commodi voluptatum.','2013-01-24 20:48:16'),
('26','46','4994','Iusto et dolorem architecto voluptas labore nemo. A et in velit et aut odit vel. Nam atque recusandae voluptatibus incidunt.','1993-02-08 23:23:23'),
('27','10','9120','Rem iure eum enim consectetur autem eligendi. Dolorem cupiditate blanditiis aliquam possimus quo dicta.','1975-09-14 17:36:59'),
('28','99','5744','Iste assumenda consequatur commodi dolor aut recusandae quo. Autem saepe ad consectetur voluptates. Molestiae aspernatur odit qui.','1995-08-25 08:03:42'),
('29','63','8189','Perferendis quos in laudantium qui optio exercitationem iste. Vel quia ut soluta ea. Sit tempora beatae totam ut soluta voluptas.','2004-12-17 17:45:46'),
('30','44','8503','Minima sit iure qui officia accusantium. Temporibus exercitationem aliquam magni. Delectus et vero aliquid consectetur dolorem. Deleniti tempora amet et numquam voluptate minus.','1971-07-30 17:35:05'),
('31','38','8752','Et eos quae quia. Modi quidem ipsa ex alias. Ut aspernatur suscipit necessitatibus perspiciatis optio dolorum.','2018-05-10 06:15:30'),
('32','26','9960','Possimus nemo ipsam enim qui. Omnis eaque numquam veritatis esse. Eum blanditiis recusandae doloribus necessitatibus.','1975-03-15 14:40:59'),
('33','25','7237','Beatae ut impedit nihil ut quasi rem. Ducimus sint deleniti quia. Vel fugiat velit doloremque voluptas. Illum dolorum veniam exercitationem cupiditate aut.','2010-01-18 04:05:32'),
('34','6','5456','Laborum adipisci voluptatibus aut sed aut eos sed sunt. Aut totam dignissimos sunt commodi. Blanditiis et magnam voluptatem aperiam ut nesciunt quidem.','1979-06-11 18:20:09'),
('35','2','398','Incidunt et commodi nobis debitis suscipit quas cum. Aspernatur commodi odio consequatur quas. Quam consequuntur doloremque inventore et quasi at a aperiam.','1999-12-21 22:51:23'),
('36','84','2947','Tempore vel unde ut unde. Ut impedit temporibus doloribus voluptas. Delectus et repellat sit maiores enim facere eaque voluptatem. Sit necessitatibus enim iusto id rerum.','1996-07-10 15:19:19'),
('37','5','8485','Rerum dolores labore aut amet occaecati incidunt ut. Fugit et in ullam sed sunt. Laudantium aperiam voluptas aut delectus enim ducimus. Earum sunt necessitatibus magnam. Iste in quia perspiciatis.','1994-11-10 03:16:47'),
('38','48','2096','Sit minima facere aut itaque illum. Et ut dignissimos commodi ea qui quam. Similique accusantium aut sunt vitae molestiae nulla. Dolore culpa dignissimos non ut harum deleniti occaecati delectus.','1979-10-27 21:44:48'),
('39','59','9592','Magnam alias expedita rerum quibusdam reprehenderit. Labore a necessitatibus nulla ipsam voluptates eius expedita. Non ad voluptatum non excepturi.','1970-12-16 02:46:48'),
('40','70','4746','Velit quaerat quisquam illo dolor rem. Est expedita molestiae aperiam. Esse sapiente quis quas qui beatae.','1992-08-12 14:38:47'),
('41','6','563','Vel soluta non sed velit sed et qui. Ipsam ad porro sunt dolores nostrum nemo ipsum. Quibusdam modi rem harum voluptas omnis quasi sint. Sunt placeat libero culpa consectetur et.','2006-12-29 10:59:52'),
('42','24','5614','Sit accusantium quod error saepe animi eos amet delectus. Voluptas cupiditate vel nemo eum. Rerum sint laboriosam optio dolor velit. Deserunt voluptas facere ipsa tenetur.','1986-12-11 23:56:33'),
('43','9','6889','Quasi aut non libero delectus rerum. Fugit sit est et tempora voluptatum natus. Veritatis quas ut esse cumque. Debitis odio illo minima error ut et.','1993-05-18 00:22:59'),
('44','16','8549','Soluta ad fugit cupiditate aut. Sint rerum velit iste aut totam eum.','1981-02-14 23:20:38'),
('45','78','4877','Dolor maiores harum ut quo qui tempore enim. Numquam aut sunt sapiente provident consectetur delectus tenetur. Error consectetur ut et odit neque.','1974-05-24 10:25:18'),
('46','44','6960','Esse quasi officia ut quia. Necessitatibus nulla nihil perspiciatis dolores. Perspiciatis voluptas et nobis qui quas ex.','1976-07-08 04:17:00'),
('47','54','9541','Sit assumenda porro eum. Omnis et sint quia explicabo facere ea. Eaque optio aut rem sed deserunt. Cumque id porro totam a.','1990-03-01 13:42:04'),
('48','86','9691','Fugit libero et ipsum repudiandae architecto. Pariatur id architecto sit iusto vel impedit. Iusto qui voluptatem voluptates nobis minus voluptate et. Sed consequatur velit saepe aut.','1976-11-15 05:26:28'),
('49','75','9889','Dolore et sapiente officia fugit. Ducimus temporibus quasi quo quia. Sint temporibus aut qui voluptates.','2005-04-12 21:28:28'),
('50','31','5847','Vel doloribus voluptatem optio impedit enim reiciendis et est. Iste alias ea voluptatum non expedita.','2013-03-28 09:34:54'),
('51','1','261','Rerum et quae iste labore labore cumque perspiciatis quod. Aut ut rerum est explicabo sit iusto et. Est non et ut qui in dicta. Ut in fugiat debitis quam nobis dignissimos voluptas.','1979-09-21 01:19:45'),
('52','10','3440','Saepe corrupti maiores ratione aperiam autem. Facilis recusandae deserunt corrupti voluptates quisquam et beatae. Cumque sed voluptas doloribus at reprehenderit.','1983-11-21 08:11:30'),
('53','36','4257','Et et dolores mollitia molestiae dicta voluptatem sunt quia. Labore ducimus nesciunt sit necessitatibus laudantium. Est soluta asperiores earum.','1982-05-26 20:36:21'),
('54','85','5826','Et voluptates magni porro maxime. Eveniet voluptas velit et non rem voluptate et. Vel at nam id vel aperiam doloribus officiis.','2014-12-16 04:10:09'),
('55','20','7366','Aut consectetur incidunt rerum quia totam at atque. Ut ad voluptatem provident a.','1990-05-28 17:23:24'),
('56','61','2012','Voluptatem autem alias et eos. Ipsam rem quia in cupiditate repellat. Porro error rem reprehenderit et quaerat occaecati et.','2004-10-25 03:50:24'),
('57','30','9949','Et quo asperiores sunt iure sunt. Et sint sapiente velit voluptatem voluptatibus. Laborum natus voluptate enim eligendi itaque odio qui optio.','1995-06-14 18:56:48'),
('58','29','679','Quasi numquam temporibus perspiciatis non reprehenderit expedita facilis. Dignissimos et libero harum deserunt veritatis doloremque sit. Laudantium porro ut quo est.','1974-03-03 18:48:28'),
('59','59','4988','Sint vitae veritatis ut est. Consequuntur aut dolor voluptatem quasi omnis perferendis aperiam. Fugiat omnis ipsam eaque porro et.','1981-06-09 09:01:26'),
('60','92','165','Commodi ipsam voluptatem sit deserunt illo. Ut illo dolores qui aperiam. Commodi eaque ut ea ad laboriosam facere.','1978-09-24 17:45:20'),
('61','73','4772','Et enim eius esse molestiae error. Est reprehenderit id quod ea nesciunt. Rerum consequatur incidunt enim neque commodi vero in eos.','1988-05-11 02:06:06'),
('62','97','831','Veritatis dolores aliquam voluptatem et. Tenetur et vel sit neque soluta quidem. Et iure nostrum autem atque quia amet. Neque cum eum architecto ut animi omnis.','2004-06-17 13:35:30'),
('63','18','4065','Aut cum sed voluptate est non cumque ducimus. Laboriosam sed corporis non. Esse eum et voluptatem consequatur sed. Omnis est sequi eos facilis dolores.','2013-06-18 17:37:13'),
('64','97','6276','Sunt libero possimus nobis eligendi. Ab aut voluptatem harum consectetur nam corrupti quis. Ea voluptate quis repellat quasi voluptas ea.','1999-02-17 23:31:36'),
('65','2','3848','Reiciendis quibusdam fuga ut incidunt veritatis. Assumenda quas consequatur dolore repudiandae facere non enim vero. Id sapiente sit accusantium. Dicta dolor dolores ab et rerum.','1973-09-11 01:36:53'),
('66','20','358','Iste cum in id vitae. Voluptate dolores aut explicabo commodi delectus quae. Voluptatum fugit delectus et.','2014-02-06 19:40:42'),
('67','81','9425','Fugiat quo doloribus omnis qui molestiae consequatur hic laudantium. Delectus mollitia accusamus officia quaerat. Qui delectus necessitatibus quasi. Ipsa magni non et minus ratione ratione modi.','2018-04-09 09:49:01'),
('68','6','334','Numquam doloribus odio deserunt voluptatibus iusto ut nulla. Dolore libero dicta eaque omnis aut. Voluptatem labore nemo voluptate maxime dolorem debitis libero.','1977-11-22 13:14:49'),
('69','68','6802','In quis soluta nam officiis ex voluptas ipsam. Libero eum ut quos. Beatae rerum nobis reiciendis aliquid eum esse.','1975-12-07 12:46:53'),
('70','39','229','Ea consequatur modi possimus. Possimus aut dignissimos ea est ea.\nDeleniti accusamus qui vel vel. Iusto possimus explicabo quam qui molestiae. Corporis accusamus et enim voluptas libero.','1993-07-09 22:29:35'),
('71','76','5500','Itaque voluptatem molestias voluptate et. Modi laudantium saepe aut asperiores iure blanditiis totam. Ea architecto qui vel molestiae.','2013-11-19 02:57:49'),
('72','74','4572','Voluptas velit nemo enim ducimus aut. Sequi consequatur pariatur sed ut optio corporis odio. Ea natus est voluptatem tempore. Qui sequi corporis animi ut. Ut quia voluptas tempore ea et molestiae.','2007-04-02 15:48:13'),
('73','63','8111','Similique et enim odio ut officia. Enim perferendis aut nisi sed voluptatum vel provident vel. Quae illo provident aliquam placeat cumque ipsa. Totam voluptas vel et dolores.','1997-10-05 11:38:12'),
('74','85','4590','Tempora dolore voluptatem ut error libero maxime adipisci. Ea velit quae sed. Qui quod minima aut.','1999-06-28 22:26:52'),
('75','90','7746','Architecto facere minima nemo eum culpa architecto. Suscipit excepturi eveniet officia et voluptas pariatur. Quas expedita nam quibusdam nam.','1990-03-08 17:09:09'),
('76','41','2114','Odit necessitatibus molestiae iusto dolores in sunt eum exercitationem. Id asperiores sit delectus aspernatur ullam aut. Et optio eum dolor reiciendis ut beatae quidem quos.','1997-04-23 09:55:51'),
('77','29','2993','Eos quia dolores sed id vitae excepturi nobis. Ipsum ab omnis eveniet id possimus illum vero. Sequi enim voluptatem doloribus id sed vero. Porro excepturi corrupti fuga ut quia assumenda.','2006-03-17 20:56:54'),
('78','44','4135','Suscipit est sit veritatis. Iste necessitatibus ipsum reprehenderit enim et corrupti aut. Optio ullam quia quia voluptatem id.','2004-02-27 14:38:46'),
('79','26','3851','Sit quod autem deleniti aut libero. Aliquam ea omnis nihil sit omnis voluptatem et.\nError aut accusantium nemo iusto explicabo. Quia et at ducimus. Quia molestiae error quaerat optio nesciunt sunt.','1975-11-05 13:34:44'),
('80','3','8164','Harum voluptatem corporis mollitia minima. In quia repellendus voluptatem ipsa quam et corrupti. Sit sint sunt optio aliquam maxime. Et aut esse voluptas veniam ad nobis.','1994-05-16 23:28:18'),
('81','74','3180','Et facere quaerat suscipit minima vero id accusantium. Quis nam excepturi laboriosam ut. Laboriosam ipsam fugiat eos sed laboriosam excepturi et quas.','1975-05-13 04:41:10'),
('82','27','2642','Aspernatur beatae ullam sed qui. Vitae et blanditiis omnis excepturi. Deserunt nam minus hic. Harum sit neque vel qui.','1996-06-23 01:56:34'),
('83','13','2693','Ut et quaerat deserunt saepe adipisci eaque blanditiis deserunt. Sit voluptas incidunt ipsam quos. Quia incidunt qui et quo non quisquam. Sequi neque minima dolorem vel quis.','1976-10-07 15:58:35'),
('84','9','5227','Debitis ipsa odit facilis velit iusto sit autem in. Laborum voluptatem eius et non.','1998-04-12 22:55:56'),
('85','11','2457','Accusamus ab placeat natus rerum et. Consequuntur ratione aut tenetur rerum tempora. Id quia qui tenetur qui asperiores et voluptatem. Iste dicta aliquam deleniti distinctio quis quis nihil esse.','1997-11-01 20:32:38'),
('86','32','790','Vel dolores dolorem consectetur magni culpa neque ratione. Dolor libero minus culpa excepturi libero ea quam. Dolorem cum voluptatem quod harum.','1974-01-04 13:39:56'),
('87','70','2363','Consequuntur veniam cumque odit repellendus. Deleniti eum placeat et debitis dolore. Voluptatem aut aut consequatur rem modi corporis aut. Laudantium et quia aut omnis impedit ab deserunt.','1973-09-13 14:30:30'),
('88','40','3373','Aut quo placeat quam velit nulla dignissimos. Est deserunt non rerum dignissimos ut. Voluptatem ipsum quia est quam.','2005-07-26 21:07:36'),
('89','61','6134','Sit doloribus quam a ea non ducimus ipsa. Quia voluptatum facere ut et. Saepe quod recusandae aut id eum. Omnis consequatur aliquam aperiam ipsum consequatur maxime.','2001-12-19 19:51:32'),
('90','29','7747','Adipisci sint consectetur minus repudiandae. Saepe ut perspiciatis incidunt ab tempore praesentium pariatur magnam. Earum perspiciatis corrupti libero ex. Repudiandae perspiciatis hic non atque qui.','1975-12-10 12:56:39'),
('91','32','6440','Vitae ipsam exercitationem et mollitia quae. Velit maxime temporibus et iusto.','2019-06-07 20:01:20'),
('92','33','432','Magnam dolorem nemo non nam a reiciendis quia quae. Ut ullam eligendi atque. Aut dolor fugiat sunt adipisci ea ab vel.','1975-07-06 10:55:19'),
('93','25','1289','Et facilis error doloribus doloremque qui eaque et ipsam. Autem enim quaerat et quo rerum. Temporibus assumenda ab rerum enim. At quia error sunt.','2015-01-07 08:21:17'),
('94','50','4341','Dolorem voluptas cum facilis ab reiciendis id. Dolorem commodi ea voluptas molestias.','2018-09-04 10:19:08'),
('95','30','1082','Quo sunt esse accusamus ex ea. Delectus libero et est saepe magnam suscipit. Ad natus magni quas tempore aut dolorem.','1970-11-23 23:04:23'),
('96','27','6490','Magnam quia sed libero voluptas velit. Sed modi ut laboriosam consequatur alias enim error. Nobis est laudantium possimus molestiae asperiores debitis.','2006-01-04 04:20:08'),
('97','69','6036','Ab sed enim quos sequi quis facere modi. Et expedita est cupiditate repellendus.','2018-09-01 00:11:26'),
('98','10','1509','Quam hic dignissimos tenetur quaerat earum vel. Neque inventore rerum mollitia doloremque rem et rerum. Ut molestiae maxime quo fugiat quo provident. Enim cupiditate quia velit blanditiis impedit.','1982-03-13 20:13:23'),
('99','33','3346','Voluptatem deserunt vel ratione officia. Eum dolores praesentium enim. Qui modi omnis voluptas. Minus distinctio et quod doloribus in error modi delectus. Ut assumenda occaecati ex optio repellat.','2011-01-16 23:27:57'),
('100','37','506','Voluptatem minima minus tenetur sed ullam repellat. Quidem dolorem est repudiandae tenetur. Fugiat et beatae sit quisquam suscipit tempora laborum.','2008-03-11 10:50:31'); 


DROP TABLE IF EXISTS `profiles`;
CREATE TABLE `profiles` (
  `user_id` bigint(20) unsigned NOT NULL AUTO_INCREMENT,
  `gender` char(1) COLLATE utf8_unicode_ci DEFAULT NULL,
  `birthday` date DEFAULT NULL,
  `photo_id` bigint(20) unsigned DEFAULT NULL,
  `created_at` datetime DEFAULT current_timestamp(),
  `hometown` varchar(100) COLLATE utf8_unicode_ci DEFAULT NULL,
  PRIMARY KEY (`user_id`),
  CONSTRAINT `profiles_ibfk_1` FOREIGN KEY (`user_id`) REFERENCES `users` (`id`) ON DELETE CASCADE
) ENGINE=InnoDB AUTO_INCREMENT=101 DEFAULT CHARSET=utf8 COLLATE=utf8_unicode_ci;

INSERT INTO `profiles` VALUES ('1','m','1997-07-15','17','1978-07-31 16:55:35','Hagenesfurt'),
('2','f','2009-06-23','381','1992-05-19 05:22:08','Port Keanu'),
('3','m','1993-01-19','100','1984-11-16 22:38:03','Rolfsonberg'),
('4','m','2019-02-26','244','1974-02-15 16:28:46','North Annamaeborough'),
('5','m','2012-02-11','130','1983-09-11 18:07:56','East Sherwood'),
('6','m','2004-03-05','88','2002-07-21 21:52:48','Ellenville'),
('7','f','2003-11-01','361','1978-09-14 10:14:47','Lake Norma'),
('8','f','1985-12-12','213','2013-11-16 19:09:36','Jetthaven'),
('9','f','1975-09-08','341','1982-08-13 20:51:48','West Nathanielshire'),
('10','f','2013-08-19','386','1981-01-10 03:59:19','South Frank'),
('11','f','2003-04-25','50','1974-02-04 11:09:26','New Tressa'),
('12','m','1991-10-18','495','1993-12-05 12:34:46','North Robynchester'),
('13','f','1975-02-06','255','1987-11-16 18:26:22','Davisport'),
('14','m','2015-09-09','358','2000-08-22 05:11:39','East Shayneville'),
('15','f','1984-11-12','394','1997-08-21 21:26:05','South Vidalview'),
('16','m','1999-08-06','102','2004-01-22 04:36:13','Evieborough'),
('17','f','2008-07-18','183','1972-09-04 01:39:17','Kilbackstad'),
('18','m','2002-08-10','294','2017-09-04 16:43:48','North Kristopher'),
('19','f','1978-01-11','481','1997-05-02 20:51:27','New Kiarachester'),
('20','f','2002-11-23','360','1989-07-13 06:36:39','South Olliemouth'),
('21','m','2009-04-13','64','1978-06-25 17:17:34','West Sylvia'),
('22','m','2012-03-01','274','1986-07-25 03:12:14','Ernserstad'),
('23','f','1982-08-28','28','2015-02-21 01:14:32','New Clemmie'),
('24','f','1975-06-18','160','2012-03-21 10:14:00','West Lilystad'),
('25','f','1990-07-30','271','1998-10-16 09:29:12','Lake Lilly'),
('26','m','1995-11-07','152','1995-09-13 13:09:56','Nathanaelmouth'),
('27','m','1986-12-04','301','1997-03-23 15:34:25','New Torrey'),
('28','m','2010-12-30','488','1973-01-29 21:23:16','Sanfordshire'),
('29','f','2005-11-12','30','2014-03-30 03:38:52','North Dariana'),
('30','m','2009-08-02','253','2003-06-24 18:04:34','Zenatown'),
('31','f','1990-10-28','322','1994-05-12 05:54:33','West Kali'),
('32','m','2008-06-13','300','2003-05-10 02:19:05','Port Aftonfurt'),
('33','m','1994-01-11','463','2008-11-05 13:03:39','Schinnerhaven'),
('34','m','2005-05-19','461','1984-12-28 07:42:56','South Okeyfurt'),
('35','f','1994-11-24','477','2017-03-27 02:30:38','South Roosevelt'),
('36','m','1995-05-09','335','1989-04-13 17:09:44','Alethaland'),
('37','m','2014-04-21','313','2003-10-12 15:10:54','Destanyport'),
('38','m','1970-07-18','376','1988-04-22 16:53:08','East Eloy'),
('39','f','2012-05-11','336','1984-02-01 12:46:27','Judgemouth'),
('40','m','1971-02-16','499','1989-10-19 21:59:40','New Santos'),
('41','m','2005-03-06','498','1990-05-14 13:18:25','Ziememouth'),
('42','f','2005-12-15','472','2006-02-09 01:25:42','North Jabari'),
('43','f','1983-05-17','263','1970-05-23 07:41:16','New Jarodhaven'),
('44','m','1976-02-24','4','2014-05-30 15:06:00','Casperland'),
('45','f','2012-06-16','462','1972-03-11 02:43:12','Mathildebury'),
('46','m','1995-08-20','471','2008-09-27 04:08:44','North Isabellaburgh'),
('47','f','1988-02-22','46','1970-06-29 21:43:18','Aliyafort'),
('48','m','1972-12-05','142','1979-01-07 02:03:52','East Elian'),
('49','f','2014-02-14','345','1973-10-29 17:55:21','New Kaleb'),
('50','m','2005-08-13','308','1994-08-05 20:42:23','Welchhaven'),
('51','f','1999-09-16','268','1979-03-13 06:55:07','Lake Adeliaborough'),
('52','f','1976-11-27','282','2003-06-21 04:11:37','Lake Kacimouth'),
('53','m','1981-04-14','373','1985-06-17 08:35:38','Lake Brandon'),
('54','f','1991-02-13','76','2012-02-07 22:44:30','East Kiarra'),
('55','m','2011-11-18','212','1981-12-07 13:15:31','Lake Norvalstad'),
('56','m','2014-01-10','23','1993-10-26 07:04:46','New Leif'),
('57','m','1996-10-21','178','2001-01-20 16:42:33','Olenberg'),
('58','m','2001-05-12','409','2019-06-17 16:53:11','Wehnerbury'),
('59','f','1970-04-13','215','1970-03-20 20:35:27','Kilbackberg'),
('60','f','1980-04-25','29','2011-03-14 01:21:34','East Iketon'),
('61','f','2012-10-03','32','1984-04-22 03:01:42','New Warrenchester'),
('62','f','1972-10-04','122','2009-03-06 04:26:54','Lancebury'),
('63','f','2008-09-06','316','2018-01-12 01:34:30','Morarhaven'),
('64','f','2004-12-01','36','2008-09-17 09:11:15','New Lurline'),
('65','f','2015-04-28','77','1987-06-27 07:27:15','Lake Santa'),
('66','m','1972-06-28','475','1998-08-17 08:22:19','New Jefferey'),
('67','f','1980-07-07','1','2014-07-21 22:40:00','Goodwinstad'),
('68','m','2006-02-01','408','1985-08-30 21:28:17','Clemmiemouth'),
('69','m','2012-07-18','456','2004-08-19 23:37:40','Chynaville'),
('70','m','1983-05-12','272','1999-01-25 02:08:33','Johnstad'),
('71','f','2012-05-14','240','2008-10-25 22:44:22','Dereckmouth'),
('72','f','1973-08-20','416','1982-01-03 02:44:04','North Rachelborough'),
('73','f','1992-11-28','41','1974-12-25 03:28:49','Paytonstad'),
('74','f','2016-02-29','355','2014-02-14 14:23:27','Sipesberg'),
('75','f','2015-03-25','173','1970-10-28 08:43:26','Sydnieburgh'),
('76','m','2013-12-14','144','1993-08-11 13:44:10','Vonchester'),
('77','f','1970-01-27','126','1998-01-14 19:45:36','Hendersonmouth'),
('78','m','2012-04-18','493','2000-07-20 10:50:40','North Colleen'),
('79','f','2008-10-23','71','2011-08-03 13:20:26','West Schuyler'),
('80','f','1987-05-23','428','2014-09-14 13:43:31','Lake Imogenechester'),
('81','m','2011-08-07','204','1998-08-22 03:26:18','Kennithside'),
('82','m','2017-08-16','264','1997-02-18 17:02:16','Lake Regan'),
('83','f','1972-07-10','53','1997-05-14 02:03:48','Lake Horace'),
('84','m','1999-01-25','49','2002-02-07 13:02:51','North Erika'),
('85','m','2002-12-03','200','1997-06-02 12:31:34','Trompport'),
('86','f','1995-03-17','420','1989-06-12 00:06:27','Marcusborough'),
('87','m','1989-01-20','298','1992-11-30 10:53:24','Ricochester'),
('88','f','1985-03-03','148','2011-08-13 01:41:03','Judgeborough'),
('89','m','2008-12-17','33','1998-05-23 18:37:06','Port Lornahaven'),
('90','m','1981-12-06','491','2002-10-30 03:09:47','Mellieland'),
('91','m','1981-03-15','348','1976-09-10 19:44:54','Port Irma'),
('92','f','1998-07-16','110','1987-05-20 15:30:55','South Demetrius'),
('93','f','1982-06-21','52','2013-07-15 11:00:36','Arthurchester'),
('94','f','1989-11-11','483','1988-08-01 23:16:03','New Maida'),
('95','f','1991-08-21','290','1989-04-29 22:55:48','Lake Cassiemouth'),
('96','f','1973-02-20','324','1984-11-04 14:03:26','Lake Athena'),
('97','m','2014-04-05','354','1992-01-16 05:59:52','Yesseniaside'),
('98','f','1995-05-13','465','2004-10-03 18:46:17','Port Rhiannaport'),
('99','f','1990-08-10','60','1985-10-16 07:07:54','Huelton'),
('100','f','2012-09-23','329','1983-08-05 09:40:50','Zboncakport'); 


DROP TABLE IF EXISTS `smiles`;
CREATE TABLE `smiles` (
  `id` bigint(20) unsigned NOT NULL AUTO_INCREMENT,
  `smile_code` varchar(10) COLLATE utf8_unicode_ci DEFAULT NULL,
  `smile_pic` bigint(20) unsigned NOT NULL,
  PRIMARY KEY (`id`),
  UNIQUE KEY `smile_code` (`smile_code`),
  KEY `smiles_smile_code` (`smile_code`)
) ENGINE=InnoDB AUTO_INCREMENT=21 DEFAULT CHARSET=utf8 COLLATE=utf8_unicode_ci;

INSERT INTO `smiles` VALUES ('1','\\lri\\','161'),
('2','\\kir\\','146'),
('3','\\sdo\\','109'),
('4','\\ctd\\','140'),
('5','\\kxs\\','184'),
('6','\\kpv\\','152'),
('7','\\rhv\\','196'),
('8','\\oke\\','165'),
('9','\\uhp\\','120'),
('10','\\fop\\','137'),
('11','\\hzd\\','141'),
('12','\\dqs\\','183'),
('13','\\vkg\\','139'),
('14','\\tcl\\','107'),
('15','\\jup\\','116'),
('16','\\gzm\\','143'),
('17','\\ijk\\','111'),
('18','\\lsl\\','176'),
('19','\\kdz\\','128'),
('20','\\rzj\\','114'); 


DROP TABLE IF EXISTS `users`;
CREATE TABLE `users` (
  `id` bigint(20) unsigned NOT NULL AUTO_INCREMENT,
  `firstname` varchar(50) COLLATE utf8_unicode_ci DEFAULT NULL,
  `lastname` varchar(50) COLLATE utf8_unicode_ci DEFAULT NULL COMMENT ' ',
  `email` varchar(120) COLLATE utf8_unicode_ci DEFAULT NULL,
  `phone` bigint(20) DEFAULT NULL,
  PRIMARY KEY (`id`),
  UNIQUE KEY `email` (`email`),
  KEY `users_phone_idx` (`phone`),
  KEY `users_firstname_lastname_idx` (`firstname`,`lastname`)
) ENGINE=InnoDB AUTO_INCREMENT=101 DEFAULT CHARSET=utf8 COLLATE=utf8_unicode_ci;

INSERT INTO `users` VALUES ('1','Ofelia','Terry','crona.jessica@example.net','89176910439'),
('2','Ceasar','Parker','teresa09@example.org','89621556566'),
('3','Kamryn','Hansen','imetz@example.org','89696313558'),
('4','Giovanni','Morar','lucile35@example.net','89333238806'),
('5','Shad','Bechtelar','vbartell@example.com','89279629341'),
('6','Myrtie','Harvey','nico.mcdermott@example.com','89144965701'),
('7','Hardy','Heidenreich','isaiah82@example.com','89482302765'),
('8','Davion','Towne','carmine28@example.com','89102180835'),
('9','Aliyah','Carter','alek87@example.net','89729844920'),
('10','Rosalyn','Crona','ally32@example.org','89246204190'),
('11','Estel','O\'Reilly','thaddeus61@example.com','89103104948'),
('12','Lori','Brown','mratke@example.net','89356751689'),
('13','Lonie','Gerlach','cassandre.leuschke@example.net','89678036996'),
('14','Victor','Beahan','rpredovic@example.org','89083587255'),
('15','Norberto','Cronin','cfahey@example.org','89153316807'),
('16','Dwight','Veum','kayley90@example.net','89986515290'),
('17','Constance','Johns','grace.mraz@example.net','89028889087'),
('18','Emma','Fisher','kaitlin.kuvalis@example.org','89944238206'),
('19','Dustin','Johnston','ehayes@example.com','89036280171'),
('20','Larry','Thiel','xdickinson@example.net','89569929534'),
('21','Natalia','Bergstrom','pietro85@example.org','89747614489'),
('22','Isidro','Orn','sswift@example.com','89289562779'),
('23','Creola','Boehm','keebler.chauncey@example.net','89224445404'),
('24','Zita','Carroll','wuckert.hosea@example.org','89265603149'),
('25','Lea','Barrows','lorena.ernser@example.org','89111202572'),
('26','Loyal','Blick','marlee74@example.org','89501409524'),
('27','Camille','Bernier','audreanne56@example.org','89292030635'),
('28','Ora','Yundt','maureen.dickinson@example.com','89487760925'),
('29','Chance','Thiel','jammie.bashirian@example.com','89987712808'),
('30','Liam','McClure','zulauf.petra@example.net','89220333663'),
('31','Abel','McClure','egoodwin@example.com','89752999767'),
('32','Oren','Nikolaus','qkeebler@example.com','89604548064'),
('33','Dolly','Ritchie','ebert.lamont@example.net','89626391678'),
('34','Aubree','Zieme','kuhlman.delores@example.net','89238108531'),
('35','Krista','Hauck','anika.skiles@example.com','89740011160'),
('36','Jovanny','Hartmann','modesta87@example.com','89818440309'),
('37','Birdie','Haley','maurice50@example.net','89147274406'),
('38','Adrienne','Funk','irma76@example.net','89269627581'),
('39','Astrid','Pagac','alphonso41@example.net','89199050082'),
('40','Garrett','Littel','klein.bailee@example.net','89993393856'),
('41','Isaias','Barrows','thilpert@example.net','89177598413'),
('42','Kristian','Greenfelder','adriana.flatley@example.net','89761434427'),
('43','Eugene','Greenholt','wisoky.rusty@example.org','89365700565'),
('44','Abdul','Lind','dhowe@example.net','89178872378'),
('45','Maude','Wunsch','constance.quitzon@example.com','89050028238'),
('46','Martin','Lindgren','cloyd29@example.net','89472255320'),
('47','Muhammad','Sawayn','mary.rice@example.org','89733986747'),
('48','Alf','Schoen','nkeebler@example.org','89504161970'),
('49','Marcella','Orn','hrosenbaum@example.org','89454512499'),
('50','Rowena','Wisozk','reese.hirthe@example.org','89295568375'),
('51','Cindy','Fahey','dondricka@example.net','89617810375'),
('52','Aileen','Beer','daphnee.koepp@example.com','89697007557'),
('53','Estevan','Bins','duncan.mayer@example.com','89230368655'),
('54','Jeffrey','Graham','eric35@example.com','89760411761'),
('55','Brent','Oberbrunner','mariam91@example.com','89033961051'),
('56','Elenora','Hirthe','kozey.bryana@example.com','89191505710'),
('57','Phoebe','Kiehn','ruecker.donna@example.org','89992607527'),
('58','Tamia','Wiegand','nathen57@example.org','89758156966'),
('59','Lawrence','Zboncak','myriam16@example.net','89740039537'),
('60','Pasquale','Heathcote','dmedhurst@example.net','89782640732'),
('61','Zelda','Christiansen','fheaney@example.net','89771321925'),
('62','Tianna','Brown','shauck@example.net','89377346182'),
('63','Giovanny','Walker','reilly51@example.org','89437070032'),
('64','Jade','Littel','bartoletti.erwin@example.net','89230064727'),
('65','Barry','O\'Kon','wmayer@example.net','89192116249'),
('66','Ferne','Gulgowski','littel.bernie@example.net','89842208139'),
('67','Garrison','Schiller','layla83@example.org','89859023841'),
('68','Sarai','Marvin','anderson.kautzer@example.org','89692211734'),
('69','Melany','Reilly','lonnie08@example.net','89818099459'),
('70','Maryse','Fay','glabadie@example.net','89208896858'),
('71','Chance','Berge','akertzmann@example.com','89549484698'),
('72','Vilma','Daniel','abigayle08@example.org','89108759028'),
('73','Cathryn','Hane','sabina.hilpert@example.org','89938963062'),
('74','Guiseppe','Rowe','ydeckow@example.com','89742805222'),
('75','Enrique','Hayes','xhand@example.net','89209745789'),
('76','Imogene','Ankunding','mayert.norene@example.com','89021025244'),
('77','Reid','Luettgen','roma55@example.com','89128168700'),
('78','Marlin','Rau','eugenia.witting@example.org','89665785622'),
('79','Mauricio','McLaughlin','spinka.claud@example.org','89820573976'),
('80','Donavon','Towne','qkeeling@example.net','89776372858'),
('81','Godfrey','Weimann','zulauf.ervin@example.net','89853392999'),
('82','Marisol','Lehner','kennedy15@example.com','89449158739'),
('83','Kendall','Larkin','eli58@example.com','89559893878'),
('84','Ezra','Wolff','elias77@example.net','89447489263'),
('85','Korey','Watsica','jannie.rosenbaum@example.net','89668325184'),
('86','Emmitt','Renner','arthur52@example.net','89294805978'),
('87','Mellie','White','smitham.santina@example.org','89879774269'),
('88','Aron','Nolan','berge.graham@example.org','89466928439'),
('89','Cesar','Wuckert','eveline75@example.net','89777954340'),
('90','Margaretta','Ernser','zrath@example.net','89578386557'),
('91','Anastacio','Paucek','donnelly.buster@example.com','89739014942'),
('92','Sandrine','Rohan','kendra64@example.net','89095132526'),
('93','Angelica','Zboncak','mario.stoltenberg@example.com','89356748969'),
('94','Dorian','Daugherty','jose.kerluke@example.net','89369737292'),
('95','Dejon','Will','wupton@example.net','89457074077'),
('96','Issac','O\'Kon','fkassulke@example.net','89872572331'),
('97','Nannie','Weimann','sawayn.darby@example.com','89821153732'),
('98','Clement','Nader','bjenkins@example.net','89342060900'),
('99','Loren','Prosacco','moen.giovani@example.com','89479192080'),
('100','Billie','Bruen','keichmann@example.net','89948335599'); 


DROP TABLE IF EXISTS `wall`;
CREATE TABLE `wall` (
  `id` bigint(20) unsigned NOT NULL AUTO_INCREMENT,
  `user_id` bigint(20) unsigned NOT NULL,
  `wall_text` text COLLATE utf8_unicode_ci NOT NULL,
  `wall_pic_id` bigint(20) unsigned DEFAULT NULL,
  `created_at` datetime DEFAULT current_timestamp(),
  `updated_at` datetime DEFAULT current_timestamp() ON UPDATE current_timestamp(),
  PRIMARY KEY (`id`),
  KEY `user_id` (`user_id`),
  CONSTRAINT `wall_ibfk_1` FOREIGN KEY (`user_id`) REFERENCES `users` (`id`) ON DELETE CASCADE
) ENGINE=InnoDB AUTO_INCREMENT=101 DEFAULT CHARSET=utf8 COLLATE=utf8_unicode_ci;

INSERT INTO `wall` VALUES ('1','58','Aliquam veniam at inventore qui delectus. Beatae aut est ea qui repellendus. Maiores iusto nostrum suscipit et eum.','3887','2014-06-17 16:29:20','1979-07-05 04:18:21'),
('2','74','Consequuntur quis ut eaque sunt iure. Blanditiis et ipsam nihil cumque consectetur et. Vel nihil qui expedita deserunt iste.','4169','2019-06-21 17:59:31','1979-03-09 14:05:05'),
('3','4','A qui deleniti rem et ut harum. Vel ea placeat voluptatem voluptates earum expedita. Ratione consequatur similique odio autem. Accusantium itaque itaque est sed sit.','6547','1984-10-08 12:51:00','2008-07-18 23:59:38'),
('4','93','Et sint sint velit. Commodi quia eius in nisi quo delectus. Qui et necessitatibus aut repellat.','3947','2019-05-27 06:14:49','2016-09-05 11:54:43'),
('5','29','Ut voluptate est autem rerum et quo. Ducimus iure deleniti quod provident suscipit. Odio aperiam minus omnis laboriosam dolor optio consequatur.','8664','1995-10-07 06:55:11','1992-05-20 13:26:23'),
('6','7','Magni delectus cum tempore et et iure. Minima dolor eum voluptatem sunt non ipsa nisi. Ea labore veritatis aliquid qui aut perspiciatis facere et. Aut quasi est deserunt.','3646','2012-08-20 06:09:24','2001-02-06 02:34:47'),
('7','94','Cum cumque molestiae delectus quas quia. Nobis omnis ea et quaerat cupiditate ut mollitia.','4515','1976-07-16 02:36:41','1976-11-17 21:32:06'),
('8','5','Et saepe molestiae non quia blanditiis nulla. Enim voluptas voluptatem mollitia qui sed nam.\nPlaceat in aut et voluptatum qui. Laboriosam omnis ut veniam.','6166','1987-11-03 12:14:16','1993-11-18 08:31:20'),
('9','22','Minus est in aliquid consequuntur illum officia. Et eos et et dolore velit. Eos dolores quia accusamus. Reprehenderit enim iste nihil corrupti.','2521','1992-07-03 08:23:45','2015-02-14 02:01:10'),
('10','24','Qui veritatis in voluptatibus dolore. Aut nesciunt inventore qui voluptatum porro perferendis. Incidunt reprehenderit molestiae doloribus dolores dolor.','109','1972-06-11 02:11:05','2010-09-30 03:59:42'),
('11','97','Atque quaerat aut aut ut. Non ea itaque tempore rerum rem sed et voluptatem. Amet molestiae quasi reiciendis quis. Laboriosam quas fugit qui et.','1776','1995-04-27 22:30:09','1986-03-26 15:25:15'),
('12','7','Itaque harum consequatur quasi dolorem fugit. Aliquam sint modi saepe mollitia. Omnis sunt rem perspiciatis cupiditate non.','793','2019-03-23 21:40:48','1980-07-08 00:51:42'),
('13','28','Aut nihil reprehenderit ullam provident sint. Officiis aperiam ea quia voluptatem et quaerat. Numquam dolor perferendis nostrum neque laboriosam voluptatem. Et dolor qui explicabo non.','1784','1990-04-18 08:52:44','1989-06-18 03:15:43'),
('14','93','Enim beatae aut ad. Et minima repudiandae tenetur sint ut deserunt nihil. Accusamus ut consequatur hic aut.','2107','1983-07-30 18:26:37','1988-10-23 06:12:46'),
('15','84','Quia a autem velit suscipit repudiandae voluptatum totam non. Accusantium voluptates aut itaque magnam eos. Deserunt aspernatur enim tempore ipsa ab non.','8588','2013-07-29 19:18:25','2015-05-23 07:03:37'),
('16','95','Animi eaque expedita nobis est sunt. Aut voluptatum itaque non. Aut nihil exercitationem dolor. Laboriosam iusto eum est veritatis sed. Debitis nihil quibusdam nam et.','2413','1998-05-07 13:34:50','1976-03-15 00:12:20'),
('17','60','Laboriosam in libero voluptates dolor maxime non labore. Alias excepturi iure sit et nulla. Amet dolores labore nihil sint.','4857','2004-10-19 06:23:09','1981-02-23 10:09:57'),
('18','78','Et accusamus sit mollitia praesentium voluptates non. Natus cumque ut voluptas et saepe. Voluptatem quas quaerat tempora iure.','3786','1973-09-24 06:32:42','2008-05-10 14:43:00'),
('19','89','Voluptates possimus consectetur aut laboriosam eligendi in aut. Inventore nobis distinctio aut nostrum numquam aut. Distinctio cumque reiciendis ut qui sed molestiae dolor.','177','2019-04-21 03:02:14','2007-12-24 21:05:47'),
('20','72','Dolorum consequatur in est ducimus earum sunt non. Et nostrum voluptatibus earum nesciunt rerum. Dolores similique quia aut atque omnis. Qui omnis eum quis assumenda itaque laborum odit.','7998','2000-04-06 08:42:06','1992-05-07 10:10:15'),
('21','10','Commodi consequatur sint quae quis consequatur dolores. Occaecati est aliquam error voluptas amet hic. Nihil quod enim molestias illum voluptas. Vel quis repellendus ea in eius.','4119','1989-09-09 06:55:33','1981-01-28 09:16:21'),
('22','43','Facere voluptatum ipsum et dicta repellat rerum. Rem est culpa hic corporis ipsum quod. Asperiores et occaecati provident iste voluptatibus fugiat dolorem.','8147','1991-04-02 18:12:44','1975-02-27 10:09:38'),
('23','98','Fuga voluptatem qui facere magni. Quia et ut ea reiciendis dolore nostrum est. Error aliquam excepturi velit.','6170','1986-09-22 19:56:54','2000-02-11 10:26:56'),
('24','68','Sunt in labore qui. Distinctio mollitia quibusdam voluptate explicabo. Consequatur eum quia beatae est. Consequatur maiores ab laudantium debitis consequatur.','2404','2009-10-14 14:29:23','2018-02-14 09:24:24'),
('25','62','Est impedit repellat possimus tempora magni qui. Cupiditate aut est eaque veniam et officia. Amet iure atque vel aut ut. Deserunt ut reiciendis deserunt illum.','4426','2005-01-02 10:35:46','1973-05-06 19:45:11'),
('26','63','Modi illum vitae cumque et reprehenderit minima iure cum. Voluptas qui voluptatibus quidem blanditiis occaecati qui.','2617','1982-01-23 11:42:19','2008-03-22 21:15:24'),
('27','58','Dolores veritatis ea sint expedita esse reprehenderit. Error iure sed velit laboriosam earum dolorem dolorem. Est et velit quos rem nam amet qui. Sed id corporis illum dolor sunt vel aut.','4339','1999-10-06 17:09:31','1974-11-18 11:30:44'),
('28','96','Velit rem iste consequuntur incidunt. Facere ratione non ipsam rem beatae expedita. Fugit dolor iste est architecto alias saepe.','9628','1993-08-08 11:34:39','2002-02-14 12:45:05'),
('29','59','Explicabo eligendi architecto eligendi saepe voluptatem. Et velit soluta eum est. Praesentium vero quibusdam quasi ut modi aut.','1079','2018-05-01 23:28:02','1976-06-22 14:10:13'),
('30','58','Voluptatum aut quis odio. Consequatur praesentium inventore eaque rem tempore. Nostrum autem ratione quidem rerum.','2678','2017-05-12 19:56:09','2007-03-03 15:54:18'),
('31','46','Qui qui ab aut et aspernatur. Dignissimos magnam vel voluptatibus enim maxime aliquam aspernatur. Et distinctio in culpa quisquam.','8705','1983-04-11 07:10:04','1977-09-07 21:10:39'),
('32','17','Voluptates aliquam dolores dolor quas sit repudiandae. Iste magni sed ipsum dolores ut. Soluta et quaerat enim odit. Cumque ea amet reprehenderit sit.','6612','2000-10-24 18:40:47','1992-07-05 10:49:02'),
('33','32','Optio alias itaque quaerat itaque magni maxime fugit. Optio enim velit ea aperiam adipisci voluptate. Rerum quia quisquam dolorum ipsa repudiandae hic magnam.','8956','2012-12-22 19:32:27','1998-02-09 10:48:44'),
('34','50','Voluptatem aperiam eligendi aspernatur dolore. Deleniti sit pariatur ex ut voluptas. Est tenetur ut temporibus a et explicabo eos. Accusamus adipisci pariatur aut ratione.','7302','1989-10-21 21:04:10','2014-05-03 08:50:11'),
('35','10','Excepturi eveniet voluptatem quia. Et doloremque soluta magni quam possimus. Commodi dicta quia quos natus molestiae quisquam quia.','5041','1993-10-06 18:41:03','2018-07-06 03:25:00'),
('36','60','A animi voluptatem qui nihil ducimus nihil sit consectetur. Rerum provident ullam et excepturi. Doloribus placeat dolores neque odit nobis. Dicta odio temporibus est sunt ratione minima molestiae.','3400','1998-10-06 22:36:55','2011-07-25 04:37:06'),
('37','56','Et earum praesentium odio non velit sunt. Unde non autem vero. Deleniti voluptatibus illo similique quia. Est et occaecati et in suscipit nostrum.','5465','1970-11-09 07:00:58','2019-06-22 16:37:45'),
('38','4','Consequuntur eius id fugit expedita sapiente est officiis. Quia et exercitationem deserunt ea molestiae. Non vitae eius quasi doloribus ut eum.','1870','2009-02-24 04:59:07','1974-11-13 04:43:50'),
('39','65','Qui amet a labore aut culpa delectus. Nihil voluptatum nesciunt reprehenderit harum odit dolorem. Veritatis illum fuga aut dolore. Eos ipsa sint non tenetur aut.','229','2012-02-23 11:40:47','2018-04-07 15:42:00'),
('40','78','Occaecati velit itaque eveniet veritatis. Nostrum qui atque laboriosam unde molestiae assumenda. Quo aut ipsam quis ut.','2338','1972-07-02 16:12:23','1975-08-31 20:21:48'),
('41','28','Asperiores accusantium consequuntur mollitia et eum. Facilis cumque enim dignissimos omnis harum. Ipsum doloremque ut qui.','3717','2010-03-20 14:34:34','1995-09-19 15:24:00'),
('42','61','Necessitatibus maxime et cumque vel. Illum est et optio tempore sint quia. Qui itaque et ratione veniam excepturi possimus. Blanditiis qui ipsam voluptatem aut.','5186','1976-12-27 08:28:22','1990-10-13 06:13:17'),
('43','85','Nobis ipsa necessitatibus unde ipsam et. Vel voluptas quisquam sed iste. Enim aut quia esse deleniti et et aliquid. Laudantium libero quo quibusdam laudantium molestias.','1943','2001-04-27 12:20:16','1989-07-01 20:34:17'),
('44','55','Laboriosam voluptate dolores reprehenderit iure dolor. Illo tenetur molestiae quasi quaerat deleniti. Praesentium corporis fuga est dolores.','141','1987-07-09 03:14:48','1972-05-11 01:08:37'),
('45','54','Excepturi dolorem qui eaque. Accusantium deserunt non doloribus delectus rem quis impedit et. Mollitia rerum omnis non id esse dicta.','1960','1978-08-03 16:40:08','1987-11-20 11:06:32'),
('46','68','Cumque facere ipsum non sunt. Magnam quo sed atque quam sequi incidunt. Maiores ad sed corrupti et aut sint.','7375','1996-04-25 01:11:41','2015-02-16 03:43:11'),
('47','50','Non sapiente quisquam eveniet illo. Et perspiciatis illo eveniet pariatur inventore vel quis. Delectus iure quae consequatur quasi cupiditate rerum quisquam. Facere aut distinctio quis autem.','534','2010-07-18 02:39:51','1970-10-24 21:47:21'),
('48','14','Deserunt maxime in aut modi. Unde omnis quasi aliquam molestiae et. Aut autem tempore fugit qui maxime voluptatem.','7810','1988-08-25 22:21:09','1997-10-11 15:25:23'),
('49','46','Aut laudantium eos ad iure ut veritatis laborum. Perspiciatis sed et nihil velit. Adipisci assumenda eos voluptas eius veniam in perspiciatis.','726','1983-09-01 19:45:37','1989-05-27 11:55:32'),
('50','38','Minus beatae ut praesentium est omnis beatae. Amet tempore libero corporis cupiditate quasi commodi porro.','2043','2018-11-23 11:16:45','1988-02-26 07:44:17'),
('51','85','Quaerat ipsum et ex soluta quae quia voluptatem. Et exercitationem porro illo ut blanditiis fuga. Dolores doloremque vel consequuntur.','5658','2013-10-29 04:06:57','1979-06-12 18:29:04'),
('52','56','Ea est provident inventore repellat. Vero corporis mollitia inventore. Odit ut quae non distinctio sit omnis. Corporis sed quasi aut est commodi explicabo.','8024','2015-04-05 18:48:27','1973-01-01 04:02:48'),
('53','81','Autem est suscipit molestiae aspernatur incidunt. Labore omnis libero quo id. Tempore molestias sint explicabo quis officia facilis autem.','6399','1991-02-04 00:44:09','1982-09-28 07:40:56'),
('54','82','Assumenda quas eos ullam ex ut ad. Ducimus et saepe labore amet beatae omnis. Eveniet aperiam aut rerum dolore architecto in veritatis.','7721','2011-07-25 12:02:12','2015-09-04 01:53:25'),
('55','23','Aut optio velit omnis aliquid dolorem id aperiam. Sit earum aut repellat dolor. Exercitationem et sint eaque expedita. Incidunt velit ab nulla sint.','4821','2007-11-16 19:54:42','1975-04-21 16:04:15'),
('56','43','Aut asperiores aut et quidem. Cum tempore quis aut quae voluptatem.','3616','1990-11-21 07:27:07','1975-02-11 08:49:59'),
('57','45','Sed ullam adipisci cumque voluptates veritatis et eveniet. Quidem sed amet rerum pariatur. Est cupiditate delectus est quos.','1924','1983-04-20 02:22:35','2004-12-30 07:18:34'),
('58','80','Voluptatibus voluptatem in similique aut sed quae autem. Et inventore ullam omnis id. Et sit doloremque illum doloribus saepe. Nihil repellendus dolores nemo eos.','6392','1996-04-06 00:12:57','1995-12-06 01:03:25'),
('59','38','Illum quibusdam aliquam illum quos cupiditate et. Animi aspernatur deleniti tenetur quo nostrum. Quis voluptate laudantium doloribus iste. Aut aperiam neque ut debitis est saepe accusantium sit.','8715','1977-04-01 18:00:46','2015-11-28 15:14:16'),
('60','4','Earum neque dicta at laudantium nisi. Voluptatem facilis aut dolore voluptates iure quia. Velit placeat nobis consequuntur id est iusto accusantium. Esse quae harum voluptas et.','6095','1985-11-28 03:07:31','1981-06-05 11:16:13'),
('61','38','Voluptatum qui unde adipisci eaque. Enim est ut et et ipsam dicta magni. Quam ullam error at. Sunt dolores culpa eligendi.','3478','2017-04-09 17:23:04','1976-11-16 03:53:45'),
('62','83','Voluptatem quisquam voluptas est ad. Tempore deleniti deleniti velit ut quo illo dolor. Qui suscipit voluptas enim voluptates.','6012','1996-10-29 22:45:21','1977-08-02 01:32:10'),
('63','20','Voluptatem et ad est ex ratione qui reprehenderit. Qui incidunt quas laborum. Ducimus explicabo natus consequatur tenetur in.','3213','1986-01-28 00:50:02','2016-05-27 01:53:27'),
('64','69','Asperiores et voluptas ipsa neque dolore explicabo pariatur ut. Consequuntur at voluptatem explicabo consequatur. Eum porro voluptate hic corrupti sit. Delectus id fugiat sint quidem ea illo eos.','5383','1977-09-30 16:02:37','1980-10-22 16:52:51'),
('65','33','Ipsum minima aperiam nam. In aspernatur accusamus commodi corrupti non voluptatem. Soluta repudiandae inventore sed voluptatem vel eum et. Nulla eum itaque sed illum autem.','2659','1999-09-18 22:34:55','1994-09-18 10:40:38'),
('66','30','Libero neque hic neque quod. Sed omnis quibusdam debitis laudantium fugit vel voluptatem itaque. Ea optio dolorem quia sint. Doloremque qui quae ullam eaque harum ut autem excepturi.','8381','1996-04-21 19:05:06','2008-11-09 00:31:27'),
('67','29','Iusto eaque quis dolorem. Labore et et repellendus rerum quod incidunt. Aut sed est ut.','6761','1988-11-21 01:33:49','1974-12-15 02:50:57'),
('68','89','Doloribus quasi maxime odit suscipit suscipit qui. Soluta perferendis aspernatur dolor est.','7008','1996-12-25 01:55:46','2007-08-12 11:24:45'),
('69','33','Laborum voluptatem reprehenderit soluta natus eos ad. Distinctio in sed perspiciatis omnis. Sed vel nihil nesciunt corrupti adipisci a atque voluptas.','8089','1988-04-10 11:47:47','1973-04-15 20:19:49'),
('70','93','Et aut modi voluptas et consequuntur nemo porro ad. Qui illum aspernatur necessitatibus porro amet repellendus.','8573','2011-01-31 19:38:14','2019-08-15 07:01:21'),
('71','66','Corporis reiciendis qui deleniti. Aut in nobis illo fuga. Aut labore eum ut est officia.\nCumque repudiandae et quae. Reiciendis cumque est dolor provident molestias. Quod quis et explicabo quisquam.','3600','1979-10-23 13:53:29','1993-12-12 04:05:37'),
('72','61','Enim porro asperiores laborum fugit minus. Dolorum soluta consequuntur sunt voluptatem. Adipisci sint rerum eos harum corrupti sapiente natus.','9387','2000-11-29 17:42:23','1978-09-25 10:30:10'),
('73','54','Eveniet modi architecto dolorum est aut aut voluptatum. Tenetur numquam voluptas accusantium in autem asperiores impedit. Earum est aut aut pariatur magni et dolor.','1246','1979-10-30 20:34:51','1973-04-22 13:43:29'),
('74','51','Ut quo consequatur doloremque id commodi dicta aut. Delectus ipsum qui quae ullam et. Qui quia et dolor magni.','4818','2009-01-23 10:47:41','1974-11-22 07:38:27'),
('75','15','Exercitationem quia eaque tempore et alias dolorem. Consequatur maiores velit labore et quod magnam. Accusantium iure blanditiis non iusto. Omnis possimus vel eius nulla rem tempora et.','6752','1992-01-28 23:43:49','2004-01-18 13:10:51'),
('76','8','Ab amet aut similique. Voluptate ducimus consequuntur ut architecto labore. Sed provident dolorum dignissimos unde illo.','3433','1982-06-10 17:33:29','1998-05-04 03:16:12'),
('77','18','Voluptatem ipsum dolorem ab ducimus. Odio id aut nemo occaecati. Eos vitae et saepe consequatur.','9560','1975-03-15 21:34:12','1982-07-05 19:18:54'),
('78','65','Et fugiat tenetur eligendi quia iste. Odio sit dolorum nemo suscipit ab numquam. Et qui dolore blanditiis ab dolor. Voluptate at rem dolores enim sequi.','4303','1996-07-14 14:23:42','1990-04-09 15:01:20'),
('79','21','Modi nostrum officia dolores earum. Eum amet aperiam qui sit impedit nulla.','7804','1996-08-16 01:56:42','1989-08-12 03:55:57'),
('80','64','Sequi voluptatem sed reiciendis ratione optio. Nemo id deserunt non recusandae illo ut. Dolores perferendis nisi occaecati. Perferendis perspiciatis ut quia suscipit maxime fugit repellendus.','1002','1989-05-19 11:32:00','1974-09-26 09:57:47'),
('81','2','Officiis repellendus et reiciendis in qui. Enim inventore voluptatem sed numquam quas reiciendis est. Est non beatae repellat nostrum in eveniet. Amet cum consequatur molestias sit cum est.','3564','2000-03-29 08:00:23','1974-10-23 09:01:21'),
('82','6','Ut enim dolorem illum nostrum voluptatem exercitationem. Molestias odio ut optio eligendi nesciunt. Excepturi odit repudiandae aspernatur sed voluptatibus dolorem.','1083','2010-04-12 20:55:51','2015-02-20 20:22:33'),
('83','19','Harum iure fuga quo iste. Et quidem deleniti voluptates sunt laudantium aut.\nSint ut reiciendis sunt tenetur ab. Nihil porro cum ducimus sapiente porro placeat mollitia.','4127','1998-06-08 18:39:00','2009-05-07 23:51:08'),
('84','83','Aut aut quaerat voluptatem aliquid delectus blanditiis dolorum. Et voluptatibus illo commodi non cumque est vel reiciendis. Assumenda mollitia ut eum incidunt velit. Ipsum voluptatum qui voluptas ut.','7261','1976-01-08 16:51:49','2002-09-08 16:48:35'),
('85','88','Nemo corporis ut quia sapiente quis. Adipisci saepe autem labore sunt et ea. Qui eius non quia enim fugit est ex. Esse neque ex modi consequatur iure aut magni.','3360','2009-08-25 07:41:50','2011-11-06 10:30:25'),
('86','42','Animi laborum non at provident ullam. Id omnis deleniti id suscipit. Qui placeat voluptatibus est perferendis tempora minus cumque.','861','1981-08-16 12:43:01','1997-07-08 15:12:05'),
('87','25','Sed nobis distinctio rerum modi quia. Laboriosam tempora doloribus qui dignissimos sit enim et. Ut enim est ut placeat nihil et aspernatur atque.','645','2001-09-04 10:25:55','2019-11-13 01:51:58'),
('88','32','Non illum amet odio beatae dolor. Eum placeat eveniet officiis dolor nostrum facilis. Minus aliquid autem quos officia non id.','2108','2009-06-13 19:23:27','2006-06-11 07:57:26'),
('89','22','Ipsa nulla rerum qui quos sequi dolores et. Eveniet id ipsam esse deleniti laudantium quam laborum. Quidem non eos enim sint cum.','3907','1975-01-07 10:22:07','1991-01-02 08:28:20'),
('90','62','Quam facilis dolores ea culpa repudiandae corporis non. Quia adipisci et necessitatibus. Labore ipsa nihil maiores necessitatibus voluptatem ut.','8219','2012-06-02 11:14:28','2015-04-08 10:24:59'),
('91','35','Consequuntur sed odio ipsum velit labore. Laudantium quos iste magni explicabo explicabo. Rerum impedit ut et modi nobis provident ab architecto. Enim quo sint vero corporis ab est.','9890','2014-03-19 19:09:47','1986-10-13 15:11:48'),
('92','59','Cumque enim aut qui est dicta. Tempore voluptatibus excepturi fugiat et. Magnam hic expedita voluptas veniam sed rem. Nesciunt aut placeat inventore qui. Ex omnis qui ut modi consectetur.','2098','2012-03-23 08:30:23','1995-05-11 06:38:42'),
('93','45','Ad placeat cupiditate deserunt eveniet repellendus provident. Harum voluptatem facere necessitatibus quas doloremque.','8188','1977-03-03 03:04:12','2001-03-28 12:29:17'),
('94','55','Et debitis cum quisquam omnis sit. Eligendi asperiores rerum error quia maiores nesciunt. Consequatur et ut eos earum esse eligendi eum.','6294','1975-05-13 04:43:30','2002-05-25 00:15:08'),
('95','28','Dolor iusto nisi cum. Et quaerat reiciendis eum sed. Delectus consequuntur sed commodi non qui.','188','1989-05-08 18:05:34','1976-08-10 08:32:58'),
('96','77','Optio voluptate ullam hic et. Qui odit itaque voluptas eum. Et alias fugiat hic cumque et consequatur optio sequi.','5080','1982-10-03 09:04:09','1993-08-18 19:49:44'),
('97','85','Est et quasi placeat est fugiat ullam quia. Consequatur ab est eos omnis magni quaerat recusandae porro. Maxime tenetur et est minus corrupti.','3072','2001-08-29 12:56:34','1995-05-28 17:52:08'),
('98','56','Ut dolorem omnis illum. Numquam maiores quibusdam dolor aut maxime similique voluptas. Eius blanditiis fugit quasi quis ratione dolor earum corrupti.','456','2009-05-14 02:38:18','2017-01-28 21:49:37'),
('99','65','Adipisci et incidunt quia cupiditate libero voluptas. Praesentium quisquam et saepe debitis.','6773','1998-03-10 22:24:45','2002-12-14 18:54:11'),
('100','18','Placeat non velit blanditiis laborum beatae. Corporis vel aut et id non rerum reprehenderit. Ut rerum et quia tempora perferendis laudantium. Qui eligendi et ipsam animi ducimus voluptates.','1300','1990-07-28 17:24:28','1982-07-02 12:54:16'); 




/*!40101 SET SQL_MODE=@OLD_SQL_MODE */;
/*!40014 SET FOREIGN_KEY_CHECKS=@OLD_FOREIGN_KEY_CHECKS */;
/*!40014 SET UNIQUE_CHECKS=@OLD_UNIQUE_CHECKS */;
/*!40101 SET CHARACTER_SET_CLIENT=@OLD_CHARACTER_SET_CLIENT */;
/*!40101 SET CHARACTER_SET_RESULTS=@OLD_CHARACTER_SET_RESULTS */;
/*!40101 SET COLLATION_CONNECTION=@OLD_COLLATION_CONNECTION */;
/*!40111 SET SQL_NOTES=@OLD_SQL_NOTES */;

